"Downloaded from https://doi.org/10.6084/m9.figshare.26970415.v1 on 06-03-2025 ,,,,",,,,
ISO3,Acronym,Year,Value,Unit
AFG,WHR-LS,2008,3.723589897,Index(0-10)
AFG,WHR-LS,2009,4.401778221,Index(0-10)
AFG,WHR-LS,2010,4.75838089,Index(0-10)
AFG,WHR-LS,2011,3.83171916,Index(0-10)
AFG,WHR-LS,2012,3.782937527,Index(0-10)
AFG,WHR-LS,2013,3.572100401,Index(0-10)
AFG,WHR-LS,2014,3.130895615,Index(0-10)
AFG,WHR-LS,2015,3.982854605,Index(0-10)
AFG,WHR-LS,2016,4.220168591,Index(0-10)
AFG,WHR-LS,2017,2.66171813,Index(0-10)
AFG,WHR-LS,2018,2.694303274,Index(0-10)
AFG,WHR-LS,2019,2.375091791,Index(0-10)
AFG,WHR-LS,2021,2.436034441,Index(0-10)
AFG,WHR-LS,2022,1.2812711,Index(0-10)
AFG,WHR-LS,2023,1.445908546,Index(0-10)
ALB,WHR-LS,2007,4.634251595,Index(0-10)
ALB,WHR-LS,2009,5.485469818,Index(0-10)
ALB,WHR-LS,2010,5.268936634,Index(0-10)
ALB,WHR-LS,2011,5.867421627,Index(0-10)
ALB,WHR-LS,2012,5.510124207,Index(0-10)
ALB,WHR-LS,2013,4.550647736,Index(0-10)
ALB,WHR-LS,2014,4.813763142,Index(0-10)
ALB,WHR-LS,2015,4.606650829,Index(0-10)
ALB,WHR-LS,2016,4.511100769,Index(0-10)
ALB,WHR-LS,2017,4.639548302,Index(0-10)
ALB,WHR-LS,2018,5.004402637,Index(0-10)
ALB,WHR-LS,2019,4.995317936,Index(0-10)
ALB,WHR-LS,2020,5.364909649,Index(0-10)
ALB,WHR-LS,2021,5.25548172,Index(0-10)
ALB,WHR-LS,2022,5.212213039,Index(0-10)
ALB,WHR-LS,2023,5.444690704,Index(0-10)
DZA,WHR-LS,2010,5.46356678,Index(0-10)
DZA,WHR-LS,2011,5.317194462,Index(0-10)
DZA,WHR-LS,2012,5.604595661,Index(0-10)
DZA,WHR-LS,2014,6.354898453,Index(0-10)
DZA,WHR-LS,2016,5.340853691,Index(0-10)
DZA,WHR-LS,2017,5.248912334,Index(0-10)
DZA,WHR-LS,2018,5.043086052,Index(0-10)
DZA,WHR-LS,2019,4.744627476,Index(0-10)
DZA,WHR-LS,2020,5.437755108,Index(0-10)
DZA,WHR-LS,2021,5.217017651,Index(0-10)
DZA,WHR-LS,2022,5.538172245,Index(0-10)
AGO,WHR-LS,2011,5.589000702,Index(0-10)
AGO,WHR-LS,2012,4.360249996,Index(0-10)
AGO,WHR-LS,2013,3.937106848,Index(0-10)
AGO,WHR-LS,2014,3.794837952,Index(0-10)
ARG,WHR-LS,2006,6.312925339,Index(0-10)
ARG,WHR-LS,2007,6.073158264,Index(0-10)
ARG,WHR-LS,2008,5.961034298,Index(0-10)
ARG,WHR-LS,2009,6.424133301,Index(0-10)
ARG,WHR-LS,2010,6.441067219,Index(0-10)
ARG,WHR-LS,2011,6.775805473,Index(0-10)
ARG,WHR-LS,2012,6.468387127,Index(0-10)
ARG,WHR-LS,2013,6.582260132,Index(0-10)
ARG,WHR-LS,2014,6.671114445,Index(0-10)
ARG,WHR-LS,2015,6.69713068,Index(0-10)
ARG,WHR-LS,2016,6.427221298,Index(0-10)
ARG,WHR-LS,2017,6.039330006,Index(0-10)
ARG,WHR-LS,2018,5.792796612,Index(0-10)
ARG,WHR-LS,2019,6.085560799,Index(0-10)
ARG,WHR-LS,2020,5.900567055,Index(0-10)
ARG,WHR-LS,2021,5.908278942,Index(0-10)
ARG,WHR-LS,2022,6.260993481,Index(0-10)
ARG,WHR-LS,2023,6.393228531,Index(0-10)
ARM,WHR-LS,2006,4.289310932,Index(0-10)
ARM,WHR-LS,2007,4.881515503,Index(0-10)
ARM,WHR-LS,2008,4.651972294,Index(0-10)
ARM,WHR-LS,2009,4.177581787,Index(0-10)
ARM,WHR-LS,2010,4.367811203,Index(0-10)
ARM,WHR-LS,2011,4.260491371,Index(0-10)
ARM,WHR-LS,2012,4.319711685,Index(0-10)
ARM,WHR-LS,2013,4.277191162,Index(0-10)
ARM,WHR-LS,2014,4.453083038,Index(0-10)
ARM,WHR-LS,2015,4.34831953,Index(0-10)
ARM,WHR-LS,2016,4.325471878,Index(0-10)
ARM,WHR-LS,2017,4.287736416,Index(0-10)
ARM,WHR-LS,2018,5.062448502,Index(0-10)
ARM,WHR-LS,2019,5.4880867,Index(0-10)
ARM,WHR-LS,2021,5.300568581,Index(0-10)
ARM,WHR-LS,2022,5.381942749,Index(0-10)
ARM,WHR-LS,2023,5.679090023,Index(0-10)
AUS,WHR-LS,2005,7.340688229,Index(0-10)
AUS,WHR-LS,2007,7.285390854,Index(0-10)
AUS,WHR-LS,2008,7.253757477,Index(0-10)
AUS,WHR-LS,2010,7.450047016,Index(0-10)
AUS,WHR-LS,2011,7.405616283,Index(0-10)
AUS,WHR-LS,2012,7.195585728,Index(0-10)
AUS,WHR-LS,2013,7.364169121,Index(0-10)
AUS,WHR-LS,2014,7.288550377,Index(0-10)
AUS,WHR-LS,2015,7.309060574,Index(0-10)
AUS,WHR-LS,2016,7.250080109,Index(0-10)
AUS,WHR-LS,2017,7.25703764,Index(0-10)
AUS,WHR-LS,2018,7.17699337,Index(0-10)
AUS,WHR-LS,2019,7.233994961,Index(0-10)
AUS,WHR-LS,2020,7.137367725,Index(0-10)
AUS,WHR-LS,2021,7.111598969,Index(0-10)
AUS,WHR-LS,2022,7.034696102,Index(0-10)
AUS,WHR-LS,2023,7.024582386,Index(0-10)
AUT,WHR-LS,2006,7.122211456,Index(0-10)
AUT,WHR-LS,2008,7.180953979,Index(0-10)
AUT,WHR-LS,2010,7.302678585,Index(0-10)
AUT,WHR-LS,2011,7.470512867,Index(0-10)
AUT,WHR-LS,2012,7.400688648,Index(0-10)
AUT,WHR-LS,2013,7.498802662,Index(0-10)
AUT,WHR-LS,2014,6.949999809,Index(0-10)
AUT,WHR-LS,2015,7.07644701,Index(0-10)
AUT,WHR-LS,2016,7.048071861,Index(0-10)
AUT,WHR-LS,2017,7.293727875,Index(0-10)
AUT,WHR-LS,2018,7.396001816,Index(0-10)
AUT,WHR-LS,2019,7.195361137,Index(0-10)
AUT,WHR-LS,2020,7.213489056,Index(0-10)
AUT,WHR-LS,2021,7.079640865,Index(0-10)
AUT,WHR-LS,2022,6.998997211,Index(0-10)
AUT,WHR-LS,2023,6.635663986,Index(0-10)
AZE,WHR-LS,2006,4.727870941,Index(0-10)
AZE,WHR-LS,2007,4.56815958,Index(0-10)
AZE,WHR-LS,2008,4.817189217,Index(0-10)
AZE,WHR-LS,2009,4.573725224,Index(0-10)
AZE,WHR-LS,2010,4.218610764,Index(0-10)
AZE,WHR-LS,2011,4.680469513,Index(0-10)
AZE,WHR-LS,2012,4.910771847,Index(0-10)
AZE,WHR-LS,2013,5.481178284,Index(0-10)
AZE,WHR-LS,2014,5.25153017,Index(0-10)
AZE,WHR-LS,2015,5.146774769,Index(0-10)
AZE,WHR-LS,2016,5.303894997,Index(0-10)
AZE,WHR-LS,2017,5.152279377,Index(0-10)
AZE,WHR-LS,2018,5.167995453,Index(0-10)
AZE,WHR-LS,2019,5.173389435,Index(0-10)
AZE,WHR-LS,2022,4.576281548,Index(0-10)
AZE,WHR-LS,2023,5.213894844,Index(0-10)
BHR,WHR-LS,2009,5.700523376,Index(0-10)
BHR,WHR-LS,2010,5.936869144,Index(0-10)
BHR,WHR-LS,2011,4.82397604,Index(0-10)
BHR,WHR-LS,2012,5.027186871,Index(0-10)
BHR,WHR-LS,2013,6.689711094,Index(0-10)
BHR,WHR-LS,2014,6.165133953,Index(0-10)
BHR,WHR-LS,2015,6.00737524,Index(0-10)
BHR,WHR-LS,2016,6.169673443,Index(0-10)
BHR,WHR-LS,2017,6.227320671,Index(0-10)
BHR,WHR-LS,2019,7.098012447,Index(0-10)
BHR,WHR-LS,2020,6.173175812,Index(0-10)
BHR,WHR-LS,2023,5.959068298,Index(0-10)
BGD,WHR-LS,2006,4.318909168,Index(0-10)
BGD,WHR-LS,2007,4.607322216,Index(0-10)
BGD,WHR-LS,2008,5.052278519,Index(0-10)
BGD,WHR-LS,2009,5.08285141,Index(0-10)
BGD,WHR-LS,2010,4.858481407,Index(0-10)
BGD,WHR-LS,2011,4.985649109,Index(0-10)
BGD,WHR-LS,2012,4.724443913,Index(0-10)
BGD,WHR-LS,2013,4.660161018,Index(0-10)
BGD,WHR-LS,2014,4.635564804,Index(0-10)
BGD,WHR-LS,2015,4.633473873,Index(0-10)
BGD,WHR-LS,2016,4.5561409,Index(0-10)
BGD,WHR-LS,2017,4.309771061,Index(0-10)
BGD,WHR-LS,2018,4.499217033,Index(0-10)
BGD,WHR-LS,2019,5.114216805,Index(0-10)
BGD,WHR-LS,2020,5.279986858,Index(0-10)
BGD,WHR-LS,2021,4.123318672,Index(0-10)
BGD,WHR-LS,2022,3.407532215,Index(0-10)
BGD,WHR-LS,2023,4.113548756,Index(0-10)
BLR,WHR-LS,2006,5.657649994,Index(0-10)
BLR,WHR-LS,2007,5.616976261,Index(0-10)
BLR,WHR-LS,2008,5.463332176,Index(0-10)
BLR,WHR-LS,2009,5.56413126,Index(0-10)
BLR,WHR-LS,2010,5.525923252,Index(0-10)
BLR,WHR-LS,2011,5.225307941,Index(0-10)
BLR,WHR-LS,2012,5.749043465,Index(0-10)
BLR,WHR-LS,2013,5.876466274,Index(0-10)
BLR,WHR-LS,2014,5.812400818,Index(0-10)
BLR,WHR-LS,2015,5.718907833,Index(0-10)
BLR,WHR-LS,2016,5.177899361,Index(0-10)
BLR,WHR-LS,2017,5.552915096,Index(0-10)
BLR,WHR-LS,2018,5.233769894,Index(0-10)
BLR,WHR-LS,2019,5.821453094,Index(0-10)
BEL,WHR-LS,2005,7.262290478,Index(0-10)
BEL,WHR-LS,2007,7.218839645,Index(0-10)
BEL,WHR-LS,2008,7.116590977,Index(0-10)
BEL,WHR-LS,2010,6.853514194,Index(0-10)
BEL,WHR-LS,2011,7.111363888,Index(0-10)
BEL,WHR-LS,2012,6.935122013,Index(0-10)
BEL,WHR-LS,2013,7.10366106,Index(0-10)
BEL,WHR-LS,2014,6.855329037,Index(0-10)
BEL,WHR-LS,2015,6.904219151,Index(0-10)
BEL,WHR-LS,2016,6.948936462,Index(0-10)
BEL,WHR-LS,2017,6.928347588,Index(0-10)
BEL,WHR-LS,2018,6.89217186,Index(0-10)
BEL,WHR-LS,2019,6.772138119,Index(0-10)
BEL,WHR-LS,2020,6.838760853,Index(0-10)
BEL,WHR-LS,2021,6.881756306,Index(0-10)
BEL,WHR-LS,2022,6.856874466,Index(0-10)
BEL,WHR-LS,2023,6.943598747,Index(0-10)
BLZ,WHR-LS,2007,6.450644493,Index(0-10)
BLZ,WHR-LS,2014,5.955646515,Index(0-10)
BEN,WHR-LS,2006,3.329801559,Index(0-10)
BEN,WHR-LS,2008,3.66713953,Index(0-10)
BEN,WHR-LS,2011,3.870279551,Index(0-10)
BEN,WHR-LS,2012,3.193468809,Index(0-10)
BEN,WHR-LS,2013,3.479412794,Index(0-10)
BEN,WHR-LS,2014,3.347419262,Index(0-10)
BEN,WHR-LS,2015,3.624664307,Index(0-10)
BEN,WHR-LS,2016,4.007357597,Index(0-10)
BEN,WHR-LS,2017,4.853180885,Index(0-10)
BEN,WHR-LS,2018,5.81982708,Index(0-10)
BEN,WHR-LS,2019,4.976360798,Index(0-10)
BEN,WHR-LS,2020,4.407745838,Index(0-10)
BEN,WHR-LS,2021,4.493431091,Index(0-10)
BEN,WHR-LS,2022,4.217325687,Index(0-10)
BEN,WHR-LS,2023,4.419834137,Index(0-10)
BTN,WHR-LS,2013,5.569091797,Index(0-10)
BTN,WHR-LS,2014,4.938578129,Index(0-10)
BTN,WHR-LS,2015,5.082128525,Index(0-10)
BOL,WHR-LS,2006,5.373986244,Index(0-10)
BOL,WHR-LS,2007,5.628419399,Index(0-10)
BOL,WHR-LS,2008,5.297872543,Index(0-10)
BOL,WHR-LS,2009,6.085579395,Index(0-10)
BOL,WHR-LS,2010,5.780620098,Index(0-10)
BOL,WHR-LS,2011,5.778874397,Index(0-10)
BOL,WHR-LS,2012,6.018894672,Index(0-10)
BOL,WHR-LS,2013,5.767428875,Index(0-10)
BOL,WHR-LS,2014,5.864798546,Index(0-10)
BOL,WHR-LS,2015,5.834329128,Index(0-10)
BOL,WHR-LS,2016,5.769723415,Index(0-10)
BOL,WHR-LS,2017,5.65055275,Index(0-10)
BOL,WHR-LS,2018,5.915734291,Index(0-10)
BOL,WHR-LS,2019,5.67427063,Index(0-10)
BOL,WHR-LS,2020,5.559258938,Index(0-10)
BOL,WHR-LS,2021,5.56862402,Index(0-10)
BOL,WHR-LS,2022,5.928882122,Index(0-10)
BOL,WHR-LS,2023,5.859886169,Index(0-10)
BIH,WHR-LS,2007,4.899806976,Index(0-10)
BIH,WHR-LS,2009,4.963477135,Index(0-10)
BIH,WHR-LS,2010,4.66851759,Index(0-10)
BIH,WHR-LS,2011,4.994670868,Index(0-10)
BIH,WHR-LS,2012,4.773144722,Index(0-10)
BIH,WHR-LS,2013,5.123664379,Index(0-10)
BIH,WHR-LS,2014,5.248954296,Index(0-10)
BIH,WHR-LS,2015,5.117177963,Index(0-10)
BIH,WHR-LS,2016,5.180865288,Index(0-10)
BIH,WHR-LS,2017,5.089902401,Index(0-10)
BIH,WHR-LS,2018,5.887401104,Index(0-10)
BIH,WHR-LS,2019,6.01552248,Index(0-10)
BIH,WHR-LS,2020,5.515816212,Index(0-10)
BIH,WHR-LS,2021,5.748823166,Index(0-10)
BIH,WHR-LS,2022,5.872055054,Index(0-10)
BIH,WHR-LS,2023,6.008581161,Index(0-10)
BWA,WHR-LS,2006,4.739367008,Index(0-10)
BWA,WHR-LS,2008,5.451147079,Index(0-10)
BWA,WHR-LS,2010,3.553020239,Index(0-10)
BWA,WHR-LS,2011,3.519921064,Index(0-10)
BWA,WHR-LS,2012,4.835938931,Index(0-10)
BWA,WHR-LS,2013,4.128298759,Index(0-10)
BWA,WHR-LS,2014,4.031197071,Index(0-10)
BWA,WHR-LS,2015,3.761964798,Index(0-10)
BWA,WHR-LS,2016,3.498936653,Index(0-10)
BWA,WHR-LS,2017,3.504881144,Index(0-10)
BWA,WHR-LS,2018,3.4613657,Index(0-10)
BWA,WHR-LS,2019,3.471084833,Index(0-10)
BWA,WHR-LS,2022,3.435275078,Index(0-10)
BWA,WHR-LS,2023,3.331647873,Index(0-10)
BRA,WHR-LS,2005,6.636771202,Index(0-10)
BRA,WHR-LS,2007,6.320672989,Index(0-10)
BRA,WHR-LS,2008,6.691424847,Index(0-10)
BRA,WHR-LS,2009,7.000831604,Index(0-10)
BRA,WHR-LS,2010,6.837331295,Index(0-10)
BRA,WHR-LS,2011,7.037816525,Index(0-10)
BRA,WHR-LS,2012,6.660003662,Index(0-10)
BRA,WHR-LS,2013,7.140282631,Index(0-10)
BRA,WHR-LS,2014,6.980998993,Index(0-10)
BRA,WHR-LS,2015,6.546896935,Index(0-10)
BRA,WHR-LS,2016,6.374817371,Index(0-10)
BRA,WHR-LS,2017,6.332929134,Index(0-10)
BRA,WHR-LS,2018,6.190921783,Index(0-10)
BRA,WHR-LS,2019,6.451148987,Index(0-10)
BRA,WHR-LS,2020,6.109717846,Index(0-10)
BRA,WHR-LS,2021,6.009953499,Index(0-10)
BRA,WHR-LS,2022,6.257079601,Index(0-10)
BRA,WHR-LS,2023,6.552690983,Index(0-10)
BGR,WHR-LS,2007,3.843797922,Index(0-10)
BGR,WHR-LS,2010,3.912276268,Index(0-10)
BGR,WHR-LS,2011,3.875382423,Index(0-10)
BGR,WHR-LS,2012,4.222297192,Index(0-10)
BGR,WHR-LS,2013,3.993020535,Index(0-10)
BGR,WHR-LS,2014,4.438439846,Index(0-10)
BGR,WHR-LS,2015,4.865401268,Index(0-10)
BGR,WHR-LS,2016,4.837560654,Index(0-10)
BGR,WHR-LS,2017,5.096901894,Index(0-10)
BGR,WHR-LS,2018,5.098813534,Index(0-10)
BGR,WHR-LS,2019,5.108438015,Index(0-10)
BGR,WHR-LS,2020,5.597723007,Index(0-10)
BGR,WHR-LS,2021,5.421693325,Index(0-10)
BGR,WHR-LS,2022,5.378348827,Index(0-10)
BGR,WHR-LS,2023,5.589599133,Index(0-10)
BFA,WHR-LS,2006,3.801490784,Index(0-10)
BFA,WHR-LS,2007,4.017130375,Index(0-10)
BFA,WHR-LS,2008,3.846438885,Index(0-10)
BFA,WHR-LS,2010,4.035560608,Index(0-10)
BFA,WHR-LS,2011,4.785367489,Index(0-10)
BFA,WHR-LS,2012,3.95500803,Index(0-10)
BFA,WHR-LS,2013,3.325949669,Index(0-10)
BFA,WHR-LS,2014,3.481347799,Index(0-10)
BFA,WHR-LS,2015,4.418930054,Index(0-10)
BFA,WHR-LS,2016,4.205634594,Index(0-10)
BFA,WHR-LS,2017,4.646891117,Index(0-10)
BFA,WHR-LS,2018,4.92723608,Index(0-10)
BFA,WHR-LS,2019,4.740892887,Index(0-10)
BFA,WHR-LS,2020,4.639639854,Index(0-10)
BFA,WHR-LS,2021,4.635508537,Index(0-10)
BFA,WHR-LS,2023,4.462207794,Index(0-10)
BDI,WHR-LS,2008,3.563227654,Index(0-10)
BDI,WHR-LS,2009,3.791680813,Index(0-10)
BDI,WHR-LS,2011,3.705894232,Index(0-10)
BDI,WHR-LS,2014,2.904535055,Index(0-10)
BDI,WHR-LS,2018,3.775283098,Index(0-10)
KHM,WHR-LS,2006,3.568744659,Index(0-10)
KHM,WHR-LS,2007,4.15597105,Index(0-10)
KHM,WHR-LS,2008,4.462163925,Index(0-10)
KHM,WHR-LS,2009,4.110625744,Index(0-10)
KHM,WHR-LS,2010,4.141072273,Index(0-10)
KHM,WHR-LS,2011,4.161225319,Index(0-10)
KHM,WHR-LS,2012,3.898706913,Index(0-10)
KHM,WHR-LS,2013,3.674466848,Index(0-10)
KHM,WHR-LS,2014,3.88330555,Index(0-10)
KHM,WHR-LS,2015,4.162164688,Index(0-10)
KHM,WHR-LS,2016,4.461259365,Index(0-10)
KHM,WHR-LS,2017,4.585842133,Index(0-10)
KHM,WHR-LS,2018,5.121837616,Index(0-10)
KHM,WHR-LS,2019,4.998284817,Index(0-10)
KHM,WHR-LS,2020,4.376985073,Index(0-10)
KHM,WHR-LS,2021,4.555141449,Index(0-10)
KHM,WHR-LS,2022,4.250280857,Index(0-10)
KHM,WHR-LS,2023,4.221345425,Index(0-10)
CMR,WHR-LS,2006,3.851072073,Index(0-10)
CMR,WHR-LS,2007,4.349939346,Index(0-10)
CMR,WHR-LS,2008,4.291800499,Index(0-10)
CMR,WHR-LS,2009,4.741408348,Index(0-10)
CMR,WHR-LS,2010,4.554256916,Index(0-10)
CMR,WHR-LS,2011,4.433885098,Index(0-10)
CMR,WHR-LS,2012,4.244634151,Index(0-10)
CMR,WHR-LS,2013,4.271038055,Index(0-10)
CMR,WHR-LS,2014,4.240441322,Index(0-10)
CMR,WHR-LS,2015,5.037964821,Index(0-10)
CMR,WHR-LS,2016,4.816232204,Index(0-10)
CMR,WHR-LS,2017,5.07405138,Index(0-10)
CMR,WHR-LS,2018,5.250737667,Index(0-10)
CMR,WHR-LS,2019,4.936737537,Index(0-10)
CMR,WHR-LS,2020,5.2410779,Index(0-10)
CMR,WHR-LS,2021,4.962747574,Index(0-10)
CMR,WHR-LS,2022,4.712408066,Index(0-10)
CMR,WHR-LS,2023,4.945847034,Index(0-10)
CAN,WHR-LS,2005,7.418048382,Index(0-10)
CAN,WHR-LS,2007,7.481752872,Index(0-10)
CAN,WHR-LS,2008,7.485603809,Index(0-10)
CAN,WHR-LS,2009,7.48782444,Index(0-10)
CAN,WHR-LS,2010,7.650346279,Index(0-10)
CAN,WHR-LS,2011,7.426053524,Index(0-10)
CAN,WHR-LS,2012,7.415144444,Index(0-10)
CAN,WHR-LS,2013,7.593793869,Index(0-10)
CAN,WHR-LS,2014,7.30425787,Index(0-10)
CAN,WHR-LS,2015,7.412772655,Index(0-10)
CAN,WHR-LS,2016,7.244845867,Index(0-10)
CAN,WHR-LS,2017,7.414868355,Index(0-10)
CAN,WHR-LS,2018,7.175496578,Index(0-10)
CAN,WHR-LS,2019,7.1090765,Index(0-10)
CAN,WHR-LS,2020,7.024904728,Index(0-10)
CAN,WHR-LS,2021,6.939435482,Index(0-10)
CAN,WHR-LS,2022,6.917935371,Index(0-10)
CAN,WHR-LS,2023,6.841206551,Index(0-10)
CAF,WHR-LS,2007,4.160129547,Index(0-10)
CAF,WHR-LS,2010,3.567892551,Index(0-10)
CAF,WHR-LS,2011,3.677826405,Index(0-10)
CAF,WHR-LS,2016,2.693061113,Index(0-10)
CAF,WHR-LS,2017,3.475862026,Index(0-10)
TCD,WHR-LS,2006,3.434800625,Index(0-10)
TCD,WHR-LS,2007,4.141326904,Index(0-10)
TCD,WHR-LS,2008,4.632468224,Index(0-10)
TCD,WHR-LS,2009,3.639445066,Index(0-10)
TCD,WHR-LS,2010,3.742871046,Index(0-10)
TCD,WHR-LS,2011,4.393482208,Index(0-10)
TCD,WHR-LS,2012,4.03297472,Index(0-10)
TCD,WHR-LS,2013,3.507663012,Index(0-10)
TCD,WHR-LS,2014,3.460182905,Index(0-10)
TCD,WHR-LS,2015,4.322675228,Index(0-10)
TCD,WHR-LS,2016,4.029350281,Index(0-10)
TCD,WHR-LS,2017,4.558937073,Index(0-10)
TCD,WHR-LS,2018,4.486325264,Index(0-10)
TCD,WHR-LS,2019,4.250799179,Index(0-10)
TCD,WHR-LS,2022,4.396646023,Index(0-10)
TCD,WHR-LS,2023,4.544095516,Index(0-10)
CHL,WHR-LS,2006,6.062851906,Index(0-10)
CHL,WHR-LS,2007,5.697929859,Index(0-10)
CHL,WHR-LS,2008,5.789438725,Index(0-10)
CHL,WHR-LS,2009,6.493686199,Index(0-10)
CHL,WHR-LS,2010,6.63565588,Index(0-10)
CHL,WHR-LS,2011,6.526334763,Index(0-10)
CHL,WHR-LS,2012,6.599128723,Index(0-10)
CHL,WHR-LS,2013,6.74015379,Index(0-10)
CHL,WHR-LS,2014,6.844238281,Index(0-10)
CHL,WHR-LS,2015,6.532749653,Index(0-10)
CHL,WHR-LS,2016,6.579056263,Index(0-10)
CHL,WHR-LS,2017,6.320119381,Index(0-10)
CHL,WHR-LS,2018,6.436220646,Index(0-10)
CHL,WHR-LS,2019,5.942250252,Index(0-10)
CHL,WHR-LS,2020,6.150642872,Index(0-10)
CHL,WHR-LS,2021,6.435630798,Index(0-10)
CHL,WHR-LS,2022,6.415198803,Index(0-10)
CHL,WHR-LS,2023,6.229820251,Index(0-10)
CHN,WHR-LS,2006,4.560495377,Index(0-10)
CHN,WHR-LS,2007,4.86286211,Index(0-10)
CHN,WHR-LS,2008,4.84629488,Index(0-10)
CHN,WHR-LS,2009,4.454360962,Index(0-10)
CHN,WHR-LS,2010,4.652736664,Index(0-10)
CHN,WHR-LS,2011,5.037207603,Index(0-10)
CHN,WHR-LS,2012,5.094917297,Index(0-10)
CHN,WHR-LS,2013,5.241090298,Index(0-10)
CHN,WHR-LS,2014,5.195619106,Index(0-10)
CHN,WHR-LS,2015,5.303877831,Index(0-10)
CHN,WHR-LS,2016,5.32495594,Index(0-10)
CHN,WHR-LS,2017,5.099061489,Index(0-10)
CHN,WHR-LS,2018,5.131433964,Index(0-10)
CHN,WHR-LS,2019,5.144120216,Index(0-10)
CHN,WHR-LS,2020,5.771064758,Index(0-10)
CHN,WHR-LS,2021,5.862864494,Index(0-10)
CHN,WHR-LS,2023,6.144763947,Index(0-10)
COL,WHR-LS,2006,6.024942875,Index(0-10)
COL,WHR-LS,2007,6.138411522,Index(0-10)
COL,WHR-LS,2008,6.168395042,Index(0-10)
COL,WHR-LS,2009,6.271604538,Index(0-10)
COL,WHR-LS,2010,6.40811348,Index(0-10)
COL,WHR-LS,2011,6.463952541,Index(0-10)
COL,WHR-LS,2012,6.374879837,Index(0-10)
COL,WHR-LS,2013,6.606550694,Index(0-10)
COL,WHR-LS,2014,6.44878912,Index(0-10)
COL,WHR-LS,2015,6.387571812,Index(0-10)
COL,WHR-LS,2016,6.233715057,Index(0-10)
COL,WHR-LS,2017,6.157341957,Index(0-10)
COL,WHR-LS,2018,5.983512402,Index(0-10)
COL,WHR-LS,2019,6.350297928,Index(0-10)
COL,WHR-LS,2020,5.70917511,Index(0-10)
COL,WHR-LS,2021,5.289958477,Index(0-10)
COL,WHR-LS,2022,5.891712189,Index(0-10)
COL,WHR-LS,2023,5.904404163,Index(0-10)
COM,WHR-LS,2009,3.47602725,Index(0-10)
COM,WHR-LS,2010,3.81219101,Index(0-10)
COM,WHR-LS,2011,3.838485956,Index(0-10)
COM,WHR-LS,2012,3.955640316,Index(0-10)
COM,WHR-LS,2018,3.972819567,Index(0-10)
COM,WHR-LS,2019,4.608616352,Index(0-10)
COM,WHR-LS,2022,3.545203686,Index(0-10)
COM,WHR-LS,2023,3.588056326,Index(0-10)
COG,WHR-LS,2008,3.819792271,Index(0-10)
COG,WHR-LS,2011,4.509824276,Index(0-10)
COG,WHR-LS,2012,3.919341803,Index(0-10)
COG,WHR-LS,2013,3.954950571,Index(0-10)
COG,WHR-LS,2014,4.05601263,Index(0-10)
COG,WHR-LS,2015,4.690830231,Index(0-10)
COG,WHR-LS,2016,4.119493484,Index(0-10)
COG,WHR-LS,2017,4.883991241,Index(0-10)
COG,WHR-LS,2018,5.490214348,Index(0-10)
COG,WHR-LS,2019,5.212622643,Index(0-10)
COG,WHR-LS,2020,5.079139233,Index(0-10)
COG,WHR-LS,2021,4.920531273,Index(0-10)
COG,WHR-LS,2022,5.804918766,Index(0-10)
COG,WHR-LS,2023,4.95372963,Index(0-10)
COD,WHR-LS,2009,3.983848572,Index(0-10)
COD,WHR-LS,2011,4.516963959,Index(0-10)
COD,WHR-LS,2012,4.63922739,Index(0-10)
COD,WHR-LS,2013,4.497477055,Index(0-10)
COD,WHR-LS,2014,4.414299965,Index(0-10)
COD,WHR-LS,2015,3.902741671,Index(0-10)
COD,WHR-LS,2016,4.521935463,Index(0-10)
COD,WHR-LS,2017,4.311033249,Index(0-10)
COD,WHR-LS,2022,3.207196712,Index(0-10)
COD,WHR-LS,2023,3.383397579,Index(0-10)
CRI,WHR-LS,2006,7.082465172,Index(0-10)
CRI,WHR-LS,2007,7.432132244,Index(0-10)
CRI,WHR-LS,2008,6.850679874,Index(0-10)
CRI,WHR-LS,2009,7.614928722,Index(0-10)
CRI,WHR-LS,2010,7.271053791,Index(0-10)
CRI,WHR-LS,2011,7.228888512,Index(0-10)
CRI,WHR-LS,2012,7.272250175,Index(0-10)
CRI,WHR-LS,2013,7.158000469,Index(0-10)
CRI,WHR-LS,2014,7.247086048,Index(0-10)
CRI,WHR-LS,2015,6.854004383,Index(0-10)
CRI,WHR-LS,2016,7.135617733,Index(0-10)
CRI,WHR-LS,2017,7.22518158,Index(0-10)
CRI,WHR-LS,2018,7.141074657,Index(0-10)
CRI,WHR-LS,2019,6.997618675,Index(0-10)
CRI,WHR-LS,2020,6.338472366,Index(0-10)
CRI,WHR-LS,2021,6.408448219,Index(0-10)
CRI,WHR-LS,2022,7.076658249,Index(0-10)
CRI,WHR-LS,2023,7.384068966,Index(0-10)
HRV,WHR-LS,2007,5.820907593,Index(0-10)
HRV,WHR-LS,2009,5.433319569,Index(0-10)
HRV,WHR-LS,2010,5.595575333,Index(0-10)
HRV,WHR-LS,2011,5.385372639,Index(0-10)
HRV,WHR-LS,2012,6.027634621,Index(0-10)
HRV,WHR-LS,2013,5.885462761,Index(0-10)
HRV,WHR-LS,2014,5.380692482,Index(0-10)
HRV,WHR-LS,2015,5.205438137,Index(0-10)
HRV,WHR-LS,2016,5.416875362,Index(0-10)
HRV,WHR-LS,2017,5.343165874,Index(0-10)
HRV,WHR-LS,2018,5.536271095,Index(0-10)
HRV,WHR-LS,2019,5.625743866,Index(0-10)
HRV,WHR-LS,2020,6.507992268,Index(0-10)
HRV,WHR-LS,2021,6.286790371,Index(0-10)
HRV,WHR-LS,2022,5.578691483,Index(0-10)
HRV,WHR-LS,2023,5.958378792,Index(0-10)
CUB,WHR-LS,2006,5.417868614,Index(0-10)
CYP,WHR-LS,2006,6.237958431,Index(0-10)
CYP,WHR-LS,2009,6.833477497,Index(0-10)
CYP,WHR-LS,2010,6.386546135,Index(0-10)
CYP,WHR-LS,2011,6.689608574,Index(0-10)
CYP,WHR-LS,2012,6.180507183,Index(0-10)
CYP,WHR-LS,2013,5.438952446,Index(0-10)
CYP,WHR-LS,2014,5.627123833,Index(0-10)
CYP,WHR-LS,2015,5.439161301,Index(0-10)
CYP,WHR-LS,2016,5.794618607,Index(0-10)
CYP,WHR-LS,2017,6.062051296,Index(0-10)
CYP,WHR-LS,2018,6.276443005,Index(0-10)
CYP,WHR-LS,2019,6.136832714,Index(0-10)
CYP,WHR-LS,2020,6.259810448,Index(0-10)
CYP,WHR-LS,2021,6.269202232,Index(0-10)
CYP,WHR-LS,2022,5.864756584,Index(0-10)
CYP,WHR-LS,2023,6.070594311,Index(0-10)
CZE,WHR-LS,2005,6.439256668,Index(0-10)
CZE,WHR-LS,2007,6.500194073,Index(0-10)
CZE,WHR-LS,2010,6.249617577,Index(0-10)
CZE,WHR-LS,2011,6.331490993,Index(0-10)
CZE,WHR-LS,2012,6.334149361,Index(0-10)
CZE,WHR-LS,2013,6.697655678,Index(0-10)
CZE,WHR-LS,2014,6.483729839,Index(0-10)
CZE,WHR-LS,2015,6.608017445,Index(0-10)
CZE,WHR-LS,2016,6.735627174,Index(0-10)
CZE,WHR-LS,2017,6.789567947,Index(0-10)
CZE,WHR-LS,2018,7.034165382,Index(0-10)
CZE,WHR-LS,2020,6.897091389,Index(0-10)
CZE,WHR-LS,2021,6.942496777,Index(0-10)
CZE,WHR-LS,2022,6.695077419,Index(0-10)
CZE,WHR-LS,2023,6.82700634,Index(0-10)
DNK,WHR-LS,2005,8.01893425,Index(0-10)
DNK,WHR-LS,2007,7.834233284,Index(0-10)
DNK,WHR-LS,2008,7.970891953,Index(0-10)
DNK,WHR-LS,2009,7.683358669,Index(0-10)
DNK,WHR-LS,2010,7.770515442,Index(0-10)
DNK,WHR-LS,2011,7.78823185,Index(0-10)
DNK,WHR-LS,2012,7.519909382,Index(0-10)
DNK,WHR-LS,2013,7.588606834,Index(0-10)
DNK,WHR-LS,2014,7.507559299,Index(0-10)
DNK,WHR-LS,2015,7.514424801,Index(0-10)
DNK,WHR-LS,2016,7.55778265,Index(0-10)
DNK,WHR-LS,2017,7.593702316,Index(0-10)
DNK,WHR-LS,2018,7.648785591,Index(0-10)
DNK,WHR-LS,2019,7.693003178,Index(0-10)
DNK,WHR-LS,2020,7.514631271,Index(0-10)
DNK,WHR-LS,2021,7.698747158,Index(0-10)
DNK,WHR-LS,2022,7.54496479,Index(0-10)
DNK,WHR-LS,2023,7.504192829,Index(0-10)
DJI,WHR-LS,2008,5.009330273,Index(0-10)
DJI,WHR-LS,2009,4.905925274,Index(0-10)
DJI,WHR-LS,2010,5.005810738,Index(0-10)
DJI,WHR-LS,2011,4.369193554,Index(0-10)
DOM,WHR-LS,2006,5.087967873,Index(0-10)
DOM,WHR-LS,2007,5.081305981,Index(0-10)
DOM,WHR-LS,2008,4.84230566,Index(0-10)
DOM,WHR-LS,2009,5.431613922,Index(0-10)
DOM,WHR-LS,2010,4.735021114,Index(0-10)
DOM,WHR-LS,2011,5.396535397,Index(0-10)
DOM,WHR-LS,2012,4.753311157,Index(0-10)
DOM,WHR-LS,2013,5.015515327,Index(0-10)
DOM,WHR-LS,2014,5.387331963,Index(0-10)
DOM,WHR-LS,2015,5.061862469,Index(0-10)
DOM,WHR-LS,2016,5.238698483,Index(0-10)
DOM,WHR-LS,2017,5.605202675,Index(0-10)
DOM,WHR-LS,2018,5.433215618,Index(0-10)
DOM,WHR-LS,2019,6.004237175,Index(0-10)
DOM,WHR-LS,2020,5.168409824,Index(0-10)
DOM,WHR-LS,2021,6.030537128,Index(0-10)
DOM,WHR-LS,2022,5.518415928,Index(0-10)
DOM,WHR-LS,2023,5.921262264,Index(0-10)
ECU,WHR-LS,2006,5.02419138,Index(0-10)
ECU,WHR-LS,2007,4.995875359,Index(0-10)
ECU,WHR-LS,2008,5.296513081,Index(0-10)
ECU,WHR-LS,2009,6.021803379,Index(0-10)
ECU,WHR-LS,2010,5.838051319,Index(0-10)
ECU,WHR-LS,2011,5.795088291,Index(0-10)
ECU,WHR-LS,2012,5.960716248,Index(0-10)
ECU,WHR-LS,2013,6.019206047,Index(0-10)
ECU,WHR-LS,2014,5.945851803,Index(0-10)
ECU,WHR-LS,2015,5.964075089,Index(0-10)
ECU,WHR-LS,2016,6.115437508,Index(0-10)
ECU,WHR-LS,2017,5.839518547,Index(0-10)
ECU,WHR-LS,2018,6.128010273,Index(0-10)
ECU,WHR-LS,2019,5.809131145,Index(0-10)
ECU,WHR-LS,2020,5.35446167,Index(0-10)
ECU,WHR-LS,2021,5.43487215,Index(0-10)
ECU,WHR-LS,2022,5.887132168,Index(0-10)
ECU,WHR-LS,2023,5.851753712,Index(0-10)
EGY,WHR-LS,2005,5.167754173,Index(0-10)
EGY,WHR-LS,2007,5.540510654,Index(0-10)
EGY,WHR-LS,2008,4.631741047,Index(0-10)
EGY,WHR-LS,2009,5.066164494,Index(0-10)
EGY,WHR-LS,2010,4.668916225,Index(0-10)
EGY,WHR-LS,2011,4.174158573,Index(0-10)
EGY,WHR-LS,2012,4.204156876,Index(0-10)
EGY,WHR-LS,2013,3.558520317,Index(0-10)
EGY,WHR-LS,2014,4.885072708,Index(0-10)
EGY,WHR-LS,2015,4.762538433,Index(0-10)
EGY,WHR-LS,2016,4.556740761,Index(0-10)
EGY,WHR-LS,2017,3.929344177,Index(0-10)
EGY,WHR-LS,2018,4.005450726,Index(0-10)
EGY,WHR-LS,2019,4.327831745,Index(0-10)
EGY,WHR-LS,2020,4.472396851,Index(0-10)
EGY,WHR-LS,2021,4.025747776,Index(0-10)
EGY,WHR-LS,2022,4.023561001,Index(0-10)
EGY,WHR-LS,2023,3.880640268,Index(0-10)
SLV,WHR-LS,2006,5.700929642,Index(0-10)
SLV,WHR-LS,2007,5.295535088,Index(0-10)
SLV,WHR-LS,2008,5.191493988,Index(0-10)
SLV,WHR-LS,2009,6.839087009,Index(0-10)
SLV,WHR-LS,2010,6.739911079,Index(0-10)
SLV,WHR-LS,2011,4.741294861,Index(0-10)
SLV,WHR-LS,2012,5.934371471,Index(0-10)
SLV,WHR-LS,2013,6.325063229,Index(0-10)
SLV,WHR-LS,2014,5.856523514,Index(0-10)
SLV,WHR-LS,2015,6.018496037,Index(0-10)
SLV,WHR-LS,2016,6.139824867,Index(0-10)
SLV,WHR-LS,2017,6.339318275,Index(0-10)
SLV,WHR-LS,2018,6.241199493,Index(0-10)
SLV,WHR-LS,2019,6.454820633,Index(0-10)
SLV,WHR-LS,2020,5.461926937,Index(0-10)
SLV,WHR-LS,2021,6.431447029,Index(0-10)
SLV,WHR-LS,2022,6.492156029,Index(0-10)
SLV,WHR-LS,2023,6.481846809,Index(0-10)
EST,WHR-LS,2006,5.371054649,Index(0-10)
EST,WHR-LS,2007,5.332044125,Index(0-10)
EST,WHR-LS,2008,5.451937675,Index(0-10)
EST,WHR-LS,2009,5.137738705,Index(0-10)
EST,WHR-LS,2011,5.486819744,Index(0-10)
EST,WHR-LS,2012,5.363927841,Index(0-10)
EST,WHR-LS,2013,5.367445946,Index(0-10)
EST,WHR-LS,2014,5.55598259,Index(0-10)
EST,WHR-LS,2015,5.628908634,Index(0-10)
EST,WHR-LS,2016,5.649675369,Index(0-10)
EST,WHR-LS,2017,5.938395977,Index(0-10)
EST,WHR-LS,2018,6.091302395,Index(0-10)
EST,WHR-LS,2019,6.034641266,Index(0-10)
EST,WHR-LS,2020,6.452563763,Index(0-10)
EST,WHR-LS,2021,6.553915501,Index(0-10)
EST,WHR-LS,2022,6.357114315,Index(0-10)
EST,WHR-LS,2023,6.42987299,Index(0-10)
SWZ,WHR-LS,2011,4.867091179,Index(0-10)
SWZ,WHR-LS,2018,4.211565018,Index(0-10)
SWZ,WHR-LS,2019,4.396114826,Index(0-10)
SWZ,WHR-LS,2022,3.502002954,Index(0-10)
ETH,WHR-LS,2012,4.561168671,Index(0-10)
ETH,WHR-LS,2013,4.44482708,Index(0-10)
ETH,WHR-LS,2014,4.506646633,Index(0-10)
ETH,WHR-LS,2015,4.573154926,Index(0-10)
ETH,WHR-LS,2016,4.297848701,Index(0-10)
ETH,WHR-LS,2017,4.180315495,Index(0-10)
ETH,WHR-LS,2018,4.379262447,Index(0-10)
ETH,WHR-LS,2019,4.099555016,Index(0-10)
ETH,WHR-LS,2020,4.549219608,Index(0-10)
ETH,WHR-LS,2022,3.628071547,Index(0-10)
ETH,WHR-LS,2023,4.092648506,Index(0-10)
FIN,WHR-LS,2006,7.672449112,Index(0-10)
FIN,WHR-LS,2008,7.67062664,Index(0-10)
FIN,WHR-LS,2010,7.393264294,Index(0-10)
FIN,WHR-LS,2011,7.354225159,Index(0-10)
FIN,WHR-LS,2012,7.420209408,Index(0-10)
FIN,WHR-LS,2013,7.444635868,Index(0-10)
FIN,WHR-LS,2014,7.384571075,Index(0-10)
FIN,WHR-LS,2015,7.447925568,Index(0-10)
FIN,WHR-LS,2016,7.659843445,Index(0-10)
FIN,WHR-LS,2017,7.788251877,Index(0-10)
FIN,WHR-LS,2018,7.85810709,Index(0-10)
FIN,WHR-LS,2019,7.780347824,Index(0-10)
FIN,WHR-LS,2020,7.889349937,Index(0-10)
FIN,WHR-LS,2021,7.794377804,Index(0-10)
FIN,WHR-LS,2022,7.728998184,Index(0-10)
FIN,WHR-LS,2023,7.69892931,Index(0-10)
FRA,WHR-LS,2005,7.093392849,Index(0-10)
FRA,WHR-LS,2006,6.582700253,Index(0-10)
FRA,WHR-LS,2008,7.008064747,Index(0-10)
FRA,WHR-LS,2009,6.283498287,Index(0-10)
FRA,WHR-LS,2010,6.797901154,Index(0-10)
FRA,WHR-LS,2011,6.959185123,Index(0-10)
FRA,WHR-LS,2012,6.649365425,Index(0-10)
FRA,WHR-LS,2013,6.66712141,Index(0-10)
FRA,WHR-LS,2014,6.466867924,Index(0-10)
FRA,WHR-LS,2015,6.357625008,Index(0-10)
FRA,WHR-LS,2016,6.475208759,Index(0-10)
FRA,WHR-LS,2017,6.635222435,Index(0-10)
FRA,WHR-LS,2018,6.665903568,Index(0-10)
FRA,WHR-LS,2019,6.689644337,Index(0-10)
FRA,WHR-LS,2020,6.714111805,Index(0-10)
FRA,WHR-LS,2021,6.656206608,Index(0-10)
FRA,WHR-LS,2022,6.613806725,Index(0-10)
FRA,WHR-LS,2023,6.556921482,Index(0-10)
GAB,WHR-LS,2011,4.255400658,Index(0-10)
GAB,WHR-LS,2012,3.97205925,Index(0-10)
GAB,WHR-LS,2013,3.800287008,Index(0-10)
GAB,WHR-LS,2014,3.918073177,Index(0-10)
GAB,WHR-LS,2015,4.66101265,Index(0-10)
GAB,WHR-LS,2016,4.831764221,Index(0-10)
GAB,WHR-LS,2017,4.782382965,Index(0-10)
GAB,WHR-LS,2018,4.783009052,Index(0-10)
GAB,WHR-LS,2019,4.914393425,Index(0-10)
GAB,WHR-LS,2020,4.88654995,Index(0-10)
GAB,WHR-LS,2021,5.075422287,Index(0-10)
GAB,WHR-LS,2022,5.139500618,Index(0-10)
GAB,WHR-LS,2023,5.104125023,Index(0-10)
GMB,WHR-LS,2017,4.117938995,Index(0-10)
GMB,WHR-LS,2018,4.922099113,Index(0-10)
GMB,WHR-LS,2019,5.163627148,Index(0-10)
GMB,WHR-LS,2022,4.279441357,Index(0-10)
GMB,WHR-LS,2023,4.690763474,Index(0-10)
GEO,WHR-LS,2006,3.675108433,Index(0-10)
GEO,WHR-LS,2007,3.707194567,Index(0-10)
GEO,WHR-LS,2008,4.15609026,Index(0-10)
GEO,WHR-LS,2009,3.800639153,Index(0-10)
GEO,WHR-LS,2010,4.101837158,Index(0-10)
GEO,WHR-LS,2011,4.203030586,Index(0-10)
GEO,WHR-LS,2012,4.254445553,Index(0-10)
GEO,WHR-LS,2013,4.348920822,Index(0-10)
GEO,WHR-LS,2014,4.287508011,Index(0-10)
GEO,WHR-LS,2015,4.121940613,Index(0-10)
GEO,WHR-LS,2016,4.448386192,Index(0-10)
GEO,WHR-LS,2017,4.45077467,Index(0-10)
GEO,WHR-LS,2018,4.659097195,Index(0-10)
GEO,WHR-LS,2019,4.89183569,Index(0-10)
GEO,WHR-LS,2020,5.123143196,Index(0-10)
GEO,WHR-LS,2021,4.911273479,Index(0-10)
GEO,WHR-LS,2022,5.292755127,Index(0-10)
GEO,WHR-LS,2023,5.350635052,Index(0-10)
DEU,WHR-LS,2005,6.619549751,Index(0-10)
DEU,WHR-LS,2007,6.416819572,Index(0-10)
DEU,WHR-LS,2008,6.521790028,Index(0-10)
DEU,WHR-LS,2009,6.64149332,Index(0-10)
DEU,WHR-LS,2010,6.724531174,Index(0-10)
DEU,WHR-LS,2011,6.621312141,Index(0-10)
DEU,WHR-LS,2012,6.702362061,Index(0-10)
DEU,WHR-LS,2013,6.965125084,Index(0-10)
DEU,WHR-LS,2014,6.984214306,Index(0-10)
DEU,WHR-LS,2015,7.037137508,Index(0-10)
DEU,WHR-LS,2016,6.873763084,Index(0-10)
DEU,WHR-LS,2017,7.074324608,Index(0-10)
DEU,WHR-LS,2018,7.118364334,Index(0-10)
DEU,WHR-LS,2019,7.035472393,Index(0-10)
DEU,WHR-LS,2020,7.311897755,Index(0-10)
DEU,WHR-LS,2021,6.754523754,Index(0-10)
DEU,WHR-LS,2022,6.608206749,Index(0-10)
DEU,WHR-LS,2023,6.792490482,Index(0-10)
GHA,WHR-LS,2006,4.535019875,Index(0-10)
GHA,WHR-LS,2007,5.220148087,Index(0-10)
GHA,WHR-LS,2008,4.965134621,Index(0-10)
GHA,WHR-LS,2009,4.197695732,Index(0-10)
GHA,WHR-LS,2010,4.606251717,Index(0-10)
GHA,WHR-LS,2011,5.608199596,Index(0-10)
GHA,WHR-LS,2012,5.057261944,Index(0-10)
GHA,WHR-LS,2013,4.965053082,Index(0-10)
GHA,WHR-LS,2014,3.860351086,Index(0-10)
GHA,WHR-LS,2015,3.985916138,Index(0-10)
GHA,WHR-LS,2016,4.514411449,Index(0-10)
GHA,WHR-LS,2017,5.481310844,Index(0-10)
GHA,WHR-LS,2018,5.003693104,Index(0-10)
GHA,WHR-LS,2019,4.96680975,Index(0-10)
GHA,WHR-LS,2020,5.31948328,Index(0-10)
GHA,WHR-LS,2021,4.377950668,Index(0-10)
GHA,WHR-LS,2022,4.190854549,Index(0-10)
GHA,WHR-LS,2023,4.298451424,Index(0-10)
GRC,WHR-LS,2005,6.006309986,Index(0-10)
GRC,WHR-LS,2007,6.646961212,Index(0-10)
GRC,WHR-LS,2009,6.038574696,Index(0-10)
GRC,WHR-LS,2010,5.839558601,Index(0-10)
GRC,WHR-LS,2011,5.372039795,Index(0-10)
GRC,WHR-LS,2012,5.096354008,Index(0-10)
GRC,WHR-LS,2013,4.720251083,Index(0-10)
GRC,WHR-LS,2014,4.75623703,Index(0-10)
GRC,WHR-LS,2015,5.622519016,Index(0-10)
GRC,WHR-LS,2016,5.302619457,Index(0-10)
GRC,WHR-LS,2017,5.14824152,Index(0-10)
GRC,WHR-LS,2018,5.40928936,Index(0-10)
GRC,WHR-LS,2019,5.952157497,Index(0-10)
GRC,WHR-LS,2020,5.787615776,Index(0-10)
GRC,WHR-LS,2021,6.104214191,Index(0-10)
GRC,WHR-LS,2022,5.90045929,Index(0-10)
GRC,WHR-LS,2023,5.796062946,Index(0-10)
GTM,WHR-LS,2006,5.901429176,Index(0-10)
GTM,WHR-LS,2007,6.329581261,Index(0-10)
GTM,WHR-LS,2008,6.414494514,Index(0-10)
GTM,WHR-LS,2009,6.451916218,Index(0-10)
GTM,WHR-LS,2010,6.289748669,Index(0-10)
GTM,WHR-LS,2011,5.743353844,Index(0-10)
GTM,WHR-LS,2012,5.855717182,Index(0-10)
GTM,WHR-LS,2013,5.984601498,Index(0-10)
GTM,WHR-LS,2014,6.536030769,Index(0-10)
GTM,WHR-LS,2015,6.464986801,Index(0-10)
GTM,WHR-LS,2016,6.358916283,Index(0-10)
GTM,WHR-LS,2017,6.325118542,Index(0-10)
GTM,WHR-LS,2018,6.626591682,Index(0-10)
GTM,WHR-LS,2019,6.262175083,Index(0-10)
GTM,WHR-LS,2022,6.150331497,Index(0-10)
GTM,WHR-LS,2023,6.421293736,Index(0-10)
GIN,WHR-LS,2011,4.044569492,Index(0-10)
GIN,WHR-LS,2012,3.651554823,Index(0-10)
GIN,WHR-LS,2013,3.901793003,Index(0-10)
GIN,WHR-LS,2014,3.4124825,Index(0-10)
GIN,WHR-LS,2015,3.504693508,Index(0-10)
GIN,WHR-LS,2016,3.602854729,Index(0-10)
GIN,WHR-LS,2017,4.873722553,Index(0-10)
GIN,WHR-LS,2018,5.25222683,Index(0-10)
GIN,WHR-LS,2019,4.76768446,Index(0-10)
GIN,WHR-LS,2020,4.972168446,Index(0-10)
GIN,WHR-LS,2021,4.944539547,Index(0-10)
GIN,WHR-LS,2022,5.317492962,Index(0-10)
GIN,WHR-LS,2023,4.827179909,Index(0-10)
GUY,WHR-LS,2007,5.992826462,Index(0-10)
HTI,WHR-LS,2006,3.754156113,Index(0-10)
HTI,WHR-LS,2008,3.846329212,Index(0-10)
HTI,WHR-LS,2010,3.76599884,Index(0-10)
HTI,WHR-LS,2011,4.844573975,Index(0-10)
HTI,WHR-LS,2012,4.413475037,Index(0-10)
HTI,WHR-LS,2013,4.62196207,Index(0-10)
HTI,WHR-LS,2014,3.888778448,Index(0-10)
HTI,WHR-LS,2015,3.569762468,Index(0-10)
HTI,WHR-LS,2016,3.352300167,Index(0-10)
HTI,WHR-LS,2017,3.823865652,Index(0-10)
HTI,WHR-LS,2018,3.614928007,Index(0-10)
HND,WHR-LS,2006,5.396519661,Index(0-10)
HND,WHR-LS,2007,5.09715414,Index(0-10)
HND,WHR-LS,2008,5.420331001,Index(0-10)
HND,WHR-LS,2009,6.033189297,Index(0-10)
HND,WHR-LS,2010,5.866131306,Index(0-10)
HND,WHR-LS,2011,4.961031437,Index(0-10)
HND,WHR-LS,2012,4.602218151,Index(0-10)
HND,WHR-LS,2013,4.713358402,Index(0-10)
HND,WHR-LS,2014,5.055726051,Index(0-10)
HND,WHR-LS,2015,4.845436573,Index(0-10)
HND,WHR-LS,2016,5.648154736,Index(0-10)
HND,WHR-LS,2017,6.019985676,Index(0-10)
HND,WHR-LS,2018,5.908423901,Index(0-10)
HND,WHR-LS,2019,5.930051327,Index(0-10)
HND,WHR-LS,2021,6.113636017,Index(0-10)
HND,WHR-LS,2022,5.931803703,Index(0-10)
HND,WHR-LS,2023,5.860568047,Index(0-10)
HKG,WHR-LS,2006,5.511187077,Index(0-10)
HKG,WHR-LS,2008,5.137261868,Index(0-10)
HKG,WHR-LS,2009,5.397055626,Index(0-10)
HKG,WHR-LS,2010,5.642834663,Index(0-10)
HKG,WHR-LS,2011,5.474010944,Index(0-10)
HKG,WHR-LS,2012,5.483764648,Index(0-10)
HKG,WHR-LS,2014,5.458050728,Index(0-10)
HKG,WHR-LS,2016,5.498420715,Index(0-10)
HKG,WHR-LS,2017,5.362474918,Index(0-10)
HKG,WHR-LS,2019,5.659317017,Index(0-10)
HKG,WHR-LS,2020,5.295341492,Index(0-10)
HKG,WHR-LS,2021,5.321550846,Index(0-10)
HKG,WHR-LS,2022,5.311294079,Index(0-10)
HUN,WHR-LS,2005,5.193933487,Index(0-10)
HUN,WHR-LS,2007,4.953917027,Index(0-10)
HUN,WHR-LS,2009,4.894600391,Index(0-10)
HUN,WHR-LS,2010,4.725132465,Index(0-10)
HUN,WHR-LS,2011,4.917602539,Index(0-10)
HUN,WHR-LS,2012,4.683358192,Index(0-10)
HUN,WHR-LS,2013,4.914466858,Index(0-10)
HUN,WHR-LS,2014,5.18056345,Index(0-10)
HUN,WHR-LS,2015,5.34438324,Index(0-10)
HUN,WHR-LS,2016,5.448901653,Index(0-10)
HUN,WHR-LS,2017,6.065038681,Index(0-10)
HUN,WHR-LS,2018,5.935770988,Index(0-10)
HUN,WHR-LS,2019,6.000259876,Index(0-10)
HUN,WHR-LS,2020,6.038049698,Index(0-10)
HUN,WHR-LS,2021,6.226647854,Index(0-10)
HUN,WHR-LS,2022,5.861183167,Index(0-10)
HUN,WHR-LS,2023,5.965178013,Index(0-10)
ISL,WHR-LS,2008,6.888284206,Index(0-10)
ISL,WHR-LS,2012,7.590660095,Index(0-10)
ISL,WHR-LS,2013,7.501394272,Index(0-10)
ISL,WHR-LS,2015,7.498070717,Index(0-10)
ISL,WHR-LS,2016,7.510034561,Index(0-10)
ISL,WHR-LS,2017,7.476213932,Index(0-10)
ISL,WHR-LS,2019,7.532504559,Index(0-10)
ISL,WHR-LS,2020,7.575489521,Index(0-10)
ISL,WHR-LS,2021,7.564624786,Index(0-10)
ISL,WHR-LS,2022,7.448794365,Index(0-10)
ISL,WHR-LS,2023,7.561609268,Index(0-10)
IND,WHR-LS,2006,5.348258972,Index(0-10)
IND,WHR-LS,2007,5.02679348,Index(0-10)
IND,WHR-LS,2008,5.145833015,Index(0-10)
IND,WHR-LS,2009,4.521517754,Index(0-10)
IND,WHR-LS,2010,4.989277363,Index(0-10)
IND,WHR-LS,2011,4.634871483,Index(0-10)
IND,WHR-LS,2012,4.720146656,Index(0-10)
IND,WHR-LS,2013,4.427788734,Index(0-10)
IND,WHR-LS,2014,4.424379349,Index(0-10)
IND,WHR-LS,2015,4.342079163,Index(0-10)
IND,WHR-LS,2016,4.179177284,Index(0-10)
IND,WHR-LS,2017,4.046111107,Index(0-10)
IND,WHR-LS,2018,3.818068743,Index(0-10)
IND,WHR-LS,2019,3.24876976,Index(0-10)
IND,WHR-LS,2020,4.223865509,Index(0-10)
IND,WHR-LS,2021,3.558253765,Index(0-10)
IND,WHR-LS,2022,3.929816246,Index(0-10)
IND,WHR-LS,2023,4.676008701,Index(0-10)
IDN,WHR-LS,2006,4.946978092,Index(0-10)
IDN,WHR-LS,2007,5.101213932,Index(0-10)
IDN,WHR-LS,2008,4.815309525,Index(0-10)
IDN,WHR-LS,2009,5.472361088,Index(0-10)
IDN,WHR-LS,2010,5.457299232,Index(0-10)
IDN,WHR-LS,2011,5.172608376,Index(0-10)
IDN,WHR-LS,2012,5.36777401,Index(0-10)
IDN,WHR-LS,2013,5.292237759,Index(0-10)
IDN,WHR-LS,2014,5.597375393,Index(0-10)
IDN,WHR-LS,2015,5.04279995,Index(0-10)
IDN,WHR-LS,2016,5.136325359,Index(0-10)
IDN,WHR-LS,2017,5.098401546,Index(0-10)
IDN,WHR-LS,2018,5.340295792,Index(0-10)
IDN,WHR-LS,2019,5.346512794,Index(0-10)
IDN,WHR-LS,2020,4.828147411,Index(0-10)
IDN,WHR-LS,2021,5.43317318,Index(0-10)
IDN,WHR-LS,2022,5.584685802,Index(0-10)
IDN,WHR-LS,2023,5.694869518,Index(0-10)
IRN,WHR-LS,2005,5.308190346,Index(0-10)
IRN,WHR-LS,2007,5.336371422,Index(0-10)
IRN,WHR-LS,2008,5.128988266,Index(0-10)
IRN,WHR-LS,2011,4.767507076,Index(0-10)
IRN,WHR-LS,2012,4.608927727,Index(0-10)
IRN,WHR-LS,2013,5.139579296,Index(0-10)
IRN,WHR-LS,2014,4.682224274,Index(0-10)
IRN,WHR-LS,2015,4.749955654,Index(0-10)
IRN,WHR-LS,2016,4.652730942,Index(0-10)
IRN,WHR-LS,2017,4.716783047,Index(0-10)
IRN,WHR-LS,2018,4.278117657,Index(0-10)
IRN,WHR-LS,2019,5.006145954,Index(0-10)
IRN,WHR-LS,2020,4.864528179,Index(0-10)
IRN,WHR-LS,2021,4.78781414,Index(0-10)
IRN,WHR-LS,2022,4.976995468,Index(0-10)
IRN,WHR-LS,2023,5.004280567,Index(0-10)
IRQ,WHR-LS,2008,4.589844704,Index(0-10)
IRQ,WHR-LS,2009,4.775316715,Index(0-10)
IRQ,WHR-LS,2010,5.065462112,Index(0-10)
IRQ,WHR-LS,2011,4.725366116,Index(0-10)
IRQ,WHR-LS,2012,4.659508705,Index(0-10)
IRQ,WHR-LS,2013,4.725017071,Index(0-10)
IRQ,WHR-LS,2014,4.541502476,Index(0-10)
IRQ,WHR-LS,2015,4.493377209,Index(0-10)
IRQ,WHR-LS,2016,4.412537098,Index(0-10)
IRQ,WHR-LS,2017,4.462399006,Index(0-10)
IRQ,WHR-LS,2018,4.8864007,Index(0-10)
IRQ,WHR-LS,2020,4.78516531,Index(0-10)
IRQ,WHR-LS,2021,5.093667984,Index(0-10)
IRQ,WHR-LS,2022,4.927995682,Index(0-10)
IRQ,WHR-LS,2023,5.475371838,Index(0-10)
IRL,WHR-LS,2006,7.144246578,Index(0-10)
IRL,WHR-LS,2008,7.568029881,Index(0-10)
IRL,WHR-LS,2009,7.045911312,Index(0-10)
IRL,WHR-LS,2010,7.257389545,Index(0-10)
IRL,WHR-LS,2011,7.006904125,Index(0-10)
IRL,WHR-LS,2012,6.964645386,Index(0-10)
IRL,WHR-LS,2013,6.760085106,Index(0-10)
IRL,WHR-LS,2014,7.018379211,Index(0-10)
IRL,WHR-LS,2015,6.830125332,Index(0-10)
IRL,WHR-LS,2016,7.04073143,Index(0-10)
IRL,WHR-LS,2017,7.060155392,Index(0-10)
IRL,WHR-LS,2018,6.962335587,Index(0-10)
IRL,WHR-LS,2019,7.254841328,Index(0-10)
IRL,WHR-LS,2020,7.034930706,Index(0-10)
IRL,WHR-LS,2021,6.827651978,Index(0-10)
IRL,WHR-LS,2022,6.869863987,Index(0-10)
IRL,WHR-LS,2023,6.816531181,Index(0-10)
ISR,WHR-LS,2006,7.173417091,Index(0-10)
ISR,WHR-LS,2007,6.841114998,Index(0-10)
ISR,WHR-LS,2008,7.261261463,Index(0-10)
ISR,WHR-LS,2009,7.352979183,Index(0-10)
ISR,WHR-LS,2010,7.358916283,Index(0-10)
ISR,WHR-LS,2011,7.433147907,Index(0-10)
ISR,WHR-LS,2012,7.110854626,Index(0-10)
ISR,WHR-LS,2013,7.320563316,Index(0-10)
ISR,WHR-LS,2014,7.400570393,Index(0-10)
ISR,WHR-LS,2015,7.07941103,Index(0-10)
ISR,WHR-LS,2016,7.159010887,Index(0-10)
ISR,WHR-LS,2017,7.331036091,Index(0-10)
ISR,WHR-LS,2018,6.92717886,Index(0-10)
ISR,WHR-LS,2019,7.331779957,Index(0-10)
ISR,WHR-LS,2020,7.194928169,Index(0-10)
ISR,WHR-LS,2021,7.577528,Index(0-10)
ISR,WHR-LS,2022,7.662397385,Index(0-10)
ISR,WHR-LS,2023,6.783402443,Index(0-10)
ITA,WHR-LS,2005,6.853783607,Index(0-10)
ITA,WHR-LS,2007,6.574412346,Index(0-10)
ITA,WHR-LS,2008,6.779774189,Index(0-10)
ITA,WHR-LS,2009,6.333800316,Index(0-10)
ITA,WHR-LS,2010,6.354238033,Index(0-10)
ITA,WHR-LS,2011,6.057086468,Index(0-10)
ITA,WHR-LS,2012,5.839313984,Index(0-10)
ITA,WHR-LS,2013,6.009373665,Index(0-10)
ITA,WHR-LS,2014,6.026585102,Index(0-10)
ITA,WHR-LS,2015,5.847683907,Index(0-10)
ITA,WHR-LS,2016,5.95452404,Index(0-10)
ITA,WHR-LS,2017,6.198870182,Index(0-10)
ITA,WHR-LS,2018,6.516526699,Index(0-10)
ITA,WHR-LS,2019,6.445416927,Index(0-10)
ITA,WHR-LS,2020,6.488356113,Index(0-10)
ITA,WHR-LS,2021,6.4667449,Index(0-10)
ITA,WHR-LS,2022,6.258476734,Index(0-10)
ITA,WHR-LS,2023,6.245111942,Index(0-10)
CIV,WHR-LS,2009,4.197181702,Index(0-10)
CIV,WHR-LS,2013,3.739365578,Index(0-10)
CIV,WHR-LS,2014,3.570368528,Index(0-10)
CIV,WHR-LS,2015,4.445038795,Index(0-10)
CIV,WHR-LS,2016,4.542545795,Index(0-10)
CIV,WHR-LS,2017,5.037734985,Index(0-10)
CIV,WHR-LS,2018,5.26837492,Index(0-10)
CIV,WHR-LS,2019,5.392012119,Index(0-10)
CIV,WHR-LS,2020,5.256503582,Index(0-10)
CIV,WHR-LS,2021,5.055806637,Index(0-10)
CIV,WHR-LS,2022,4.84867382,Index(0-10)
CIV,WHR-LS,2023,5.336585522,Index(0-10)
JAM,WHR-LS,2006,6.207881927,Index(0-10)
JAM,WHR-LS,2011,5.374446392,Index(0-10)
JAM,WHR-LS,2013,5.708886623,Index(0-10)
JAM,WHR-LS,2014,5.310538769,Index(0-10)
JAM,WHR-LS,2017,5.889759064,Index(0-10)
JAM,WHR-LS,2019,6.309238911,Index(0-10)
JAM,WHR-LS,2020,5.424990654,Index(0-10)
JAM,WHR-LS,2021,5.813733578,Index(0-10)
JAM,WHR-LS,2022,5.87018919,Index(0-10)
JPN,WHR-LS,2005,6.515817165,Index(0-10)
JPN,WHR-LS,2007,6.238197803,Index(0-10)
JPN,WHR-LS,2008,5.91067934,Index(0-10)
JPN,WHR-LS,2009,5.844999313,Index(0-10)
JPN,WHR-LS,2010,6.056752682,Index(0-10)
JPN,WHR-LS,2011,6.262793541,Index(0-10)
JPN,WHR-LS,2012,5.968216419,Index(0-10)
JPN,WHR-LS,2013,5.959361553,Index(0-10)
JPN,WHR-LS,2014,5.922620773,Index(0-10)
JPN,WHR-LS,2015,5.879684448,Index(0-10)
JPN,WHR-LS,2016,5.954650879,Index(0-10)
JPN,WHR-LS,2017,5.910676479,Index(0-10)
JPN,WHR-LS,2018,5.793575287,Index(0-10)
JPN,WHR-LS,2019,5.908039093,Index(0-10)
JPN,WHR-LS,2020,6.117963314,Index(0-10)
JPN,WHR-LS,2021,6.091324806,Index(0-10)
JPN,WHR-LS,2022,6.178009987,Index(0-10)
JPN,WHR-LS,2023,5.910115719,Index(0-10)
JOR,WHR-LS,2005,6.294660091,Index(0-10)
JOR,WHR-LS,2007,5.59805727,Index(0-10)
JOR,WHR-LS,2008,4.930058002,Index(0-10)
JOR,WHR-LS,2009,5.999859333,Index(0-10)
JOR,WHR-LS,2010,5.569942474,Index(0-10)
JOR,WHR-LS,2011,5.539327621,Index(0-10)
JOR,WHR-LS,2012,5.131996155,Index(0-10)
JOR,WHR-LS,2013,5.171952724,Index(0-10)
JOR,WHR-LS,2014,5.333021641,Index(0-10)
JOR,WHR-LS,2015,5.404593468,Index(0-10)
JOR,WHR-LS,2016,5.27128458,Index(0-10)
JOR,WHR-LS,2017,4.808082581,Index(0-10)
JOR,WHR-LS,2018,4.638933659,Index(0-10)
JOR,WHR-LS,2019,4.452548027,Index(0-10)
JOR,WHR-LS,2020,4.093991756,Index(0-10)
JOR,WHR-LS,2021,3.90914917,Index(0-10)
JOR,WHR-LS,2022,4.355606556,Index(0-10)
JOR,WHR-LS,2023,4.292033195,Index(0-10)
KAZ,WHR-LS,2006,5.475948334,Index(0-10)
KAZ,WHR-LS,2007,5.718553543,Index(0-10)
KAZ,WHR-LS,2008,5.886419773,Index(0-10)
KAZ,WHR-LS,2009,5.382563114,Index(0-10)
KAZ,WHR-LS,2010,5.514286518,Index(0-10)
KAZ,WHR-LS,2011,5.735662937,Index(0-10)
KAZ,WHR-LS,2012,5.759469509,Index(0-10)
KAZ,WHR-LS,2013,5.835483074,Index(0-10)
KAZ,WHR-LS,2014,5.970097542,Index(0-10)
KAZ,WHR-LS,2015,5.949995041,Index(0-10)
KAZ,WHR-LS,2016,5.533551693,Index(0-10)
KAZ,WHR-LS,2017,5.882351398,Index(0-10)
KAZ,WHR-LS,2018,6.00763607,Index(0-10)
KAZ,WHR-LS,2019,6.272268295,Index(0-10)
KAZ,WHR-LS,2020,6.168269157,Index(0-10)
KAZ,WHR-LS,2021,6.259634018,Index(0-10)
KAZ,WHR-LS,2022,6.006279469,Index(0-10)
KAZ,WHR-LS,2023,6.299432755,Index(0-10)
KEN,WHR-LS,2006,4.223234177,Index(0-10)
KEN,WHR-LS,2007,4.575657845,Index(0-10)
KEN,WHR-LS,2008,4.015274525,Index(0-10)
KEN,WHR-LS,2009,4.270434856,Index(0-10)
KEN,WHR-LS,2010,4.255859375,Index(0-10)
KEN,WHR-LS,2011,4.405310154,Index(0-10)
KEN,WHR-LS,2012,4.547335148,Index(0-10)
KEN,WHR-LS,2013,3.795383215,Index(0-10)
KEN,WHR-LS,2014,4.904579639,Index(0-10)
KEN,WHR-LS,2015,4.357617855,Index(0-10)
KEN,WHR-LS,2016,4.396127701,Index(0-10)
KEN,WHR-LS,2017,4.475654125,Index(0-10)
KEN,WHR-LS,2018,4.655702591,Index(0-10)
KEN,WHR-LS,2019,4.618850231,Index(0-10)
KEN,WHR-LS,2020,4.546584129,Index(0-10)
KEN,WHR-LS,2021,4.464540958,Index(0-10)
KEN,WHR-LS,2022,4.447946548,Index(0-10)
KEN,WHR-LS,2023,4.496229172,Index(0-10)
XKX,WHR-LS,2007,5.103906155,Index(0-10)
XKX,WHR-LS,2008,5.521659851,Index(0-10)
XKX,WHR-LS,2009,5.891432762,Index(0-10)
XKX,WHR-LS,2010,5.17660141,Index(0-10)
XKX,WHR-LS,2011,4.859501839,Index(0-10)
XKX,WHR-LS,2012,5.639588356,Index(0-10)
XKX,WHR-LS,2013,6.125758171,Index(0-10)
XKX,WHR-LS,2014,5.000375271,Index(0-10)
XKX,WHR-LS,2015,5.077460766,Index(0-10)
XKX,WHR-LS,2016,5.759412289,Index(0-10)
XKX,WHR-LS,2017,6.149199963,Index(0-10)
XKX,WHR-LS,2018,6.391825676,Index(0-10)
XKX,WHR-LS,2019,6.425144196,Index(0-10)
XKX,WHR-LS,2020,6.294414043,Index(0-10)
XKX,WHR-LS,2021,6.648499489,Index(0-10)
XKX,WHR-LS,2022,6.159853458,Index(0-10)
XKX,WHR-LS,2023,6.877792835,Index(0-10)
KWT,WHR-LS,2006,6.075547218,Index(0-10)
KWT,WHR-LS,2009,6.585246086,Index(0-10)
KWT,WHR-LS,2010,6.798151016,Index(0-10)
KWT,WHR-LS,2011,6.377699375,Index(0-10)
KWT,WHR-LS,2012,6.221094608,Index(0-10)
KWT,WHR-LS,2013,6.480031013,Index(0-10)
KWT,WHR-LS,2014,6.180138588,Index(0-10)
KWT,WHR-LS,2015,6.146031857,Index(0-10)
KWT,WHR-LS,2016,5.947194576,Index(0-10)
KWT,WHR-LS,2017,6.093905449,Index(0-10)
KWT,WHR-LS,2019,6.106119633,Index(0-10)
KWT,WHR-LS,2022,6.757829189,Index(0-10)
KWT,WHR-LS,2023,7.130284309,Index(0-10)
KGZ,WHR-LS,2006,4.641398907,Index(0-10)
KGZ,WHR-LS,2007,4.697761536,Index(0-10)
KGZ,WHR-LS,2008,4.736588001,Index(0-10)
KGZ,WHR-LS,2009,5.06905365,Index(0-10)
KGZ,WHR-LS,2010,4.996410847,Index(0-10)
KGZ,WHR-LS,2011,4.921049118,Index(0-10)
KGZ,WHR-LS,2012,5.207785606,Index(0-10)
KGZ,WHR-LS,2013,5.40242672,Index(0-10)
KGZ,WHR-LS,2014,5.252192974,Index(0-10)
KGZ,WHR-LS,2015,4.905375957,Index(0-10)
KGZ,WHR-LS,2016,4.856534004,Index(0-10)
KGZ,WHR-LS,2017,5.629536629,Index(0-10)
KGZ,WHR-LS,2018,5.297383308,Index(0-10)
KGZ,WHR-LS,2019,5.685220718,Index(0-10)
KGZ,WHR-LS,2020,6.249586105,Index(0-10)
KGZ,WHR-LS,2021,5.563699722,Index(0-10)
KGZ,WHR-LS,2022,5.667840958,Index(0-10)
KGZ,WHR-LS,2023,5.909509182,Index(0-10)
LAO,WHR-LS,2006,5.076225758,Index(0-10)
LAO,WHR-LS,2007,5.363854885,Index(0-10)
LAO,WHR-LS,2008,5.044098854,Index(0-10)
LAO,WHR-LS,2011,4.703749657,Index(0-10)
LAO,WHR-LS,2012,4.876084805,Index(0-10)
LAO,WHR-LS,2017,4.623140812,Index(0-10)
LAO,WHR-LS,2018,4.85940218,Index(0-10)
LAO,WHR-LS,2019,5.196856022,Index(0-10)
LAO,WHR-LS,2020,5.284390926,Index(0-10)
LAO,WHR-LS,2021,4.926521778,Index(0-10)
LAO,WHR-LS,2022,4.96165657,Index(0-10)
LAO,WHR-LS,2023,5.486371994,Index(0-10)
LVA,WHR-LS,2006,4.70950222,Index(0-10)
LVA,WHR-LS,2007,4.666971684,Index(0-10)
LVA,WHR-LS,2008,5.145375252,Index(0-10)
LVA,WHR-LS,2009,4.668910503,Index(0-10)
LVA,WHR-LS,2011,4.966811657,Index(0-10)
LVA,WHR-LS,2012,5.125025272,Index(0-10)
LVA,WHR-LS,2013,5.069770336,Index(0-10)
LVA,WHR-LS,2014,5.729115486,Index(0-10)
LVA,WHR-LS,2015,5.880597591,Index(0-10)
LVA,WHR-LS,2016,5.940446377,Index(0-10)
LVA,WHR-LS,2017,5.977817535,Index(0-10)
LVA,WHR-LS,2018,5.901154041,Index(0-10)
LVA,WHR-LS,2019,5.969753742,Index(0-10)
LVA,WHR-LS,2020,6.229008675,Index(0-10)
LVA,WHR-LS,2021,6.353090763,Index(0-10)
LVA,WHR-LS,2022,6.054838181,Index(0-10)
LVA,WHR-LS,2023,6.29564476,Index(0-10)
LBN,WHR-LS,2005,5.49124527,Index(0-10)
LBN,WHR-LS,2006,4.653103828,Index(0-10)
LBN,WHR-LS,2008,4.594851017,Index(0-10)
LBN,WHR-LS,2009,5.205998898,Index(0-10)
LBN,WHR-LS,2010,5.031899452,Index(0-10)
LBN,WHR-LS,2011,5.187571526,Index(0-10)
LBN,WHR-LS,2012,4.572566986,Index(0-10)
LBN,WHR-LS,2013,4.983288765,Index(0-10)
LBN,WHR-LS,2014,5.233025551,Index(0-10)
LBN,WHR-LS,2015,5.171971321,Index(0-10)
LBN,WHR-LS,2016,5.27072382,Index(0-10)
LBN,WHR-LS,2017,5.153989792,Index(0-10)
LBN,WHR-LS,2018,5.167186737,Index(0-10)
LBN,WHR-LS,2019,4.024219513,Index(0-10)
LBN,WHR-LS,2020,2.633752584,Index(0-10)
LBN,WHR-LS,2021,2.178809404,Index(0-10)
LBN,WHR-LS,2022,2.352427721,Index(0-10)
LBN,WHR-LS,2023,3.587908268,Index(0-10)
LSO,WHR-LS,2011,4.89751482,Index(0-10)
LSO,WHR-LS,2016,3.808204889,Index(0-10)
LSO,WHR-LS,2017,3.795300722,Index(0-10)
LSO,WHR-LS,2019,3.5117805,Index(0-10)
LSO,WHR-LS,2022,3.186162472,Index(0-10)
LBR,WHR-LS,2007,3.701401234,Index(0-10)
LBR,WHR-LS,2008,4.221354008,Index(0-10)
LBR,WHR-LS,2010,4.196063042,Index(0-10)
LBR,WHR-LS,2014,4.571419239,Index(0-10)
LBR,WHR-LS,2015,2.701591253,Index(0-10)
LBR,WHR-LS,2016,3.354676008,Index(0-10)
LBR,WHR-LS,2017,4.424490929,Index(0-10)
LBR,WHR-LS,2018,4.134852886,Index(0-10)
LBR,WHR-LS,2019,5.121460915,Index(0-10)
LBR,WHR-LS,2022,4.04226017,Index(0-10)
LBR,WHR-LS,2023,4.493915081,Index(0-10)
LBY,WHR-LS,2012,5.754394054,Index(0-10)
LBY,WHR-LS,2015,5.615404606,Index(0-10)
LBY,WHR-LS,2016,5.43358326,Index(0-10)
LBY,WHR-LS,2017,5.646852493,Index(0-10)
LBY,WHR-LS,2018,5.493977547,Index(0-10)
LBY,WHR-LS,2019,5.33022213,Index(0-10)
LBY,WHR-LS,2022,5.760273933,Index(0-10)
LBY,WHR-LS,2023,5.970288754,Index(0-10)
LTU,WHR-LS,2006,5.954442978,Index(0-10)
LTU,WHR-LS,2007,5.80828476,Index(0-10)
LTU,WHR-LS,2008,5.553925991,Index(0-10)
LTU,WHR-LS,2009,5.466920853,Index(0-10)
LTU,WHR-LS,2010,5.065824986,Index(0-10)
LTU,WHR-LS,2011,5.43243742,Index(0-10)
LTU,WHR-LS,2012,5.771037102,Index(0-10)
LTU,WHR-LS,2013,5.595689297,Index(0-10)
LTU,WHR-LS,2014,6.125723839,Index(0-10)
LTU,WHR-LS,2015,5.711378098,Index(0-10)
LTU,WHR-LS,2016,5.865552425,Index(0-10)
LTU,WHR-LS,2017,6.272940636,Index(0-10)
LTU,WHR-LS,2018,6.308878899,Index(0-10)
LTU,WHR-LS,2019,6.064097881,Index(0-10)
LTU,WHR-LS,2020,6.39137888,Index(0-10)
LTU,WHR-LS,2021,6.864572525,Index(0-10)
LTU,WHR-LS,2022,7.037577152,Index(0-10)
LTU,WHR-LS,2023,6.552654266,Index(0-10)
LUX,WHR-LS,2009,6.957920074,Index(0-10)
LUX,WHR-LS,2010,7.097251892,Index(0-10)
LUX,WHR-LS,2011,7.101400375,Index(0-10)
LUX,WHR-LS,2012,6.964097023,Index(0-10)
LUX,WHR-LS,2013,7.130809307,Index(0-10)
LUX,WHR-LS,2014,6.89112711,Index(0-10)
LUX,WHR-LS,2015,6.701571465,Index(0-10)
LUX,WHR-LS,2016,6.967340946,Index(0-10)
LUX,WHR-LS,2017,7.061380863,Index(0-10)
LUX,WHR-LS,2018,7.242630959,Index(0-10)
LUX,WHR-LS,2019,7.404015541,Index(0-10)
LUX,WHR-LS,2022,7.227934837,Index(0-10)
LUX,WHR-LS,2023,7.01606226,Index(0-10)
MDG,WHR-LS,2006,3.979751348,Index(0-10)
MDG,WHR-LS,2008,4.640079021,Index(0-10)
MDG,WHR-LS,2011,4.381415367,Index(0-10)
MDG,WHR-LS,2012,3.550609589,Index(0-10)
MDG,WHR-LS,2013,3.815607071,Index(0-10)
MDG,WHR-LS,2014,3.675626993,Index(0-10)
MDG,WHR-LS,2015,3.592514038,Index(0-10)
MDG,WHR-LS,2016,3.663085938,Index(0-10)
MDG,WHR-LS,2017,4.078620434,Index(0-10)
MDG,WHR-LS,2018,4.070586681,Index(0-10)
MDG,WHR-LS,2019,4.339087486,Index(0-10)
MDG,WHR-LS,2022,4.019134045,Index(0-10)
MDG,WHR-LS,2023,4.433000565,Index(0-10)
MWI,WHR-LS,2006,3.829868078,Index(0-10)
MWI,WHR-LS,2007,4.89103651,Index(0-10)
MWI,WHR-LS,2009,5.148239613,Index(0-10)
MWI,WHR-LS,2011,3.946062565,Index(0-10)
MWI,WHR-LS,2012,4.279269695,Index(0-10)
MWI,WHR-LS,2013,4.035084248,Index(0-10)
MWI,WHR-LS,2014,4.563080311,Index(0-10)
MWI,WHR-LS,2015,3.86763835,Index(0-10)
MWI,WHR-LS,2016,3.476492643,Index(0-10)
MWI,WHR-LS,2017,3.416862965,Index(0-10)
MWI,WHR-LS,2018,3.334633589,Index(0-10)
MWI,WHR-LS,2019,3.869123697,Index(0-10)
MWI,WHR-LS,2021,3.635283232,Index(0-10)
MWI,WHR-LS,2022,3.355563402,Index(0-10)
MWI,WHR-LS,2023,3.272091866,Index(0-10)
MYS,WHR-LS,2006,6.011716843,Index(0-10)
MYS,WHR-LS,2007,6.238904476,Index(0-10)
MYS,WHR-LS,2008,5.806781769,Index(0-10)
MYS,WHR-LS,2009,5.384701729,Index(0-10)
MYS,WHR-LS,2010,5.580281734,Index(0-10)
MYS,WHR-LS,2011,5.786367416,Index(0-10)
MYS,WHR-LS,2012,5.914283752,Index(0-10)
MYS,WHR-LS,2013,5.770199776,Index(0-10)
MYS,WHR-LS,2014,5.962921619,Index(0-10)
MYS,WHR-LS,2015,6.322121143,Index(0-10)
MYS,WHR-LS,2018,5.338817596,Index(0-10)
MYS,WHR-LS,2019,5.427954197,Index(0-10)
MYS,WHR-LS,2020,6.01419878,Index(0-10)
MYS,WHR-LS,2021,6.010391712,Index(0-10)
MYS,WHR-LS,2022,6.048006535,Index(0-10)
MYS,WHR-LS,2023,5.868102074,Index(0-10)
MDV,WHR-LS,2018,5.197574615,Index(0-10)
MLI,WHR-LS,2006,4.014075756,Index(0-10)
MLI,WHR-LS,2008,4.114664078,Index(0-10)
MLI,WHR-LS,2009,3.976598501,Index(0-10)
MLI,WHR-LS,2010,3.762305021,Index(0-10)
MLI,WHR-LS,2011,4.666832924,Index(0-10)
MLI,WHR-LS,2012,4.313016891,Index(0-10)
MLI,WHR-LS,2013,3.676277161,Index(0-10)
MLI,WHR-LS,2014,3.974714279,Index(0-10)
MLI,WHR-LS,2015,4.582098484,Index(0-10)
MLI,WHR-LS,2016,4.016027927,Index(0-10)
MLI,WHR-LS,2017,4.741850376,Index(0-10)
MLI,WHR-LS,2018,4.415729523,Index(0-10)
MLI,WHR-LS,2019,4.98799181,Index(0-10)
MLI,WHR-LS,2020,4.269473553,Index(0-10)
MLI,WHR-LS,2021,4.11309576,Index(0-10)
MLI,WHR-LS,2022,4.210547924,Index(0-10)
MLI,WHR-LS,2023,4.369976044,Index(0-10)
MLT,WHR-LS,2009,6.32763958,Index(0-10)
MLT,WHR-LS,2010,5.77387476,Index(0-10)
MLT,WHR-LS,2011,6.154718399,Index(0-10)
MLT,WHR-LS,2012,5.962872028,Index(0-10)
MLT,WHR-LS,2013,6.379924774,Index(0-10)
MLT,WHR-LS,2014,6.45211792,Index(0-10)
MLT,WHR-LS,2015,6.61339426,Index(0-10)
MLT,WHR-LS,2016,6.590842247,Index(0-10)
MLT,WHR-LS,2017,6.675665855,Index(0-10)
MLT,WHR-LS,2018,6.909710884,Index(0-10)
MLT,WHR-LS,2019,6.73297739,Index(0-10)
MLT,WHR-LS,2020,6.156822681,Index(0-10)
MLT,WHR-LS,2021,6.443715096,Index(0-10)
MLT,WHR-LS,2022,6.299238205,Index(0-10)
MLT,WHR-LS,2023,6.294854641,Index(0-10)
MRT,WHR-LS,2007,4.149043083,Index(0-10)
MRT,WHR-LS,2008,4.248075008,Index(0-10)
MRT,WHR-LS,2009,4.500431538,Index(0-10)
MRT,WHR-LS,2010,4.772306919,Index(0-10)
MRT,WHR-LS,2011,4.784804344,Index(0-10)
MRT,WHR-LS,2012,4.673203945,Index(0-10)
MRT,WHR-LS,2013,4.199015141,Index(0-10)
MRT,WHR-LS,2014,4.482805252,Index(0-10)
MRT,WHR-LS,2015,3.922664165,Index(0-10)
MRT,WHR-LS,2016,4.472149372,Index(0-10)
MRT,WHR-LS,2017,4.678159714,Index(0-10)
MRT,WHR-LS,2018,4.313615322,Index(0-10)
MRT,WHR-LS,2019,4.152619362,Index(0-10)
MRT,WHR-LS,2022,4.723868847,Index(0-10)
MRT,WHR-LS,2023,4.292047501,Index(0-10)
MUS,WHR-LS,2011,5.477073193,Index(0-10)
MUS,WHR-LS,2014,5.647779942,Index(0-10)
MUS,WHR-LS,2016,5.610003471,Index(0-10)
MUS,WHR-LS,2017,6.174117565,Index(0-10)
MUS,WHR-LS,2018,5.88174057,Index(0-10)
MUS,WHR-LS,2019,6.241165161,Index(0-10)
MUS,WHR-LS,2020,6.015300274,Index(0-10)
MUS,WHR-LS,2021,5.949120045,Index(0-10)
MUS,WHR-LS,2022,5.740500927,Index(0-10)
MUS,WHR-LS,2023,5.759169102,Index(0-10)
MEX,WHR-LS,2005,6.580657959,Index(0-10)
MEX,WHR-LS,2007,6.525378227,Index(0-10)
MEX,WHR-LS,2008,6.829036236,Index(0-10)
MEX,WHR-LS,2009,6.962819099,Index(0-10)
MEX,WHR-LS,2010,6.802388668,Index(0-10)
MEX,WHR-LS,2011,6.909515381,Index(0-10)
MEX,WHR-LS,2012,7.320185184,Index(0-10)
MEX,WHR-LS,2013,7.442546368,Index(0-10)
MEX,WHR-LS,2014,6.679831028,Index(0-10)
MEX,WHR-LS,2015,6.236287117,Index(0-10)
MEX,WHR-LS,2016,6.824172974,Index(0-10)
MEX,WHR-LS,2017,6.410299301,Index(0-10)
MEX,WHR-LS,2018,6.549578667,Index(0-10)
MEX,WHR-LS,2019,6.431945324,Index(0-10)
MEX,WHR-LS,2020,5.964221001,Index(0-10)
MEX,WHR-LS,2021,5.99075079,Index(0-10)
MEX,WHR-LS,2022,7.038368702,Index(0-10)
MEX,WHR-LS,2023,7.005731583,Index(0-10)
MDA,WHR-LS,2006,5.102071285,Index(0-10)
MDA,WHR-LS,2007,4.774918079,Index(0-10)
MDA,WHR-LS,2008,5.502756119,Index(0-10)
MDA,WHR-LS,2009,5.554374218,Index(0-10)
MDA,WHR-LS,2010,5.589736462,Index(0-10)
MDA,WHR-LS,2011,5.792262554,Index(0-10)
MDA,WHR-LS,2012,5.995712757,Index(0-10)
MDA,WHR-LS,2013,5.75605917,Index(0-10)
MDA,WHR-LS,2014,5.917058468,Index(0-10)
MDA,WHR-LS,2015,6.017472267,Index(0-10)
MDA,WHR-LS,2016,5.577784061,Index(0-10)
MDA,WHR-LS,2017,5.325530529,Index(0-10)
MDA,WHR-LS,2018,5.682277203,Index(0-10)
MDA,WHR-LS,2019,5.803450584,Index(0-10)
MDA,WHR-LS,2020,5.811628819,Index(0-10)
MDA,WHR-LS,2021,5.959048748,Index(0-10)
MDA,WHR-LS,2022,5.686611652,Index(0-10)
MDA,WHR-LS,2023,5.801368237,Index(0-10)
MNG,WHR-LS,2007,4.609059334,Index(0-10)
MNG,WHR-LS,2008,4.493010044,Index(0-10)
MNG,WHR-LS,2010,4.585523605,Index(0-10)
MNG,WHR-LS,2011,5.031173706,Index(0-10)
MNG,WHR-LS,2012,4.885150433,Index(0-10)
MNG,WHR-LS,2013,4.912928104,Index(0-10)
MNG,WHR-LS,2014,4.824834824,Index(0-10)
MNG,WHR-LS,2015,4.982719898,Index(0-10)
MNG,WHR-LS,2016,5.056999683,Index(0-10)
MNG,WHR-LS,2017,5.333850384,Index(0-10)
MNG,WHR-LS,2018,5.464622974,Index(0-10)
MNG,WHR-LS,2019,5.562905312,Index(0-10)
MNG,WHR-LS,2020,6.011364937,Index(0-10)
MNG,WHR-LS,2021,5.72103405,Index(0-10)
MNG,WHR-LS,2022,5.787830353,Index(0-10)
MNG,WHR-LS,2023,5.579622746,Index(0-10)
MNE,WHR-LS,2007,5.196315289,Index(0-10)
MNE,WHR-LS,2009,4.8010602,Index(0-10)
MNE,WHR-LS,2010,5.455030441,Index(0-10)
MNE,WHR-LS,2011,5.223116875,Index(0-10)
MNE,WHR-LS,2012,5.218724251,Index(0-10)
MNE,WHR-LS,2013,5.074341774,Index(0-10)
MNE,WHR-LS,2014,5.282720566,Index(0-10)
MNE,WHR-LS,2015,5.124921322,Index(0-10)
MNE,WHR-LS,2016,5.304066181,Index(0-10)
MNE,WHR-LS,2017,5.614798546,Index(0-10)
MNE,WHR-LS,2018,5.650189877,Index(0-10)
MNE,WHR-LS,2019,5.386024952,Index(0-10)
MNE,WHR-LS,2020,5.722162724,Index(0-10)
MNE,WHR-LS,2022,5.600043297,Index(0-10)
MNE,WHR-LS,2023,5.813005447,Index(0-10)
MAR,WHR-LS,2010,4.383247375,Index(0-10)
MAR,WHR-LS,2011,5.084972858,Index(0-10)
MAR,WHR-LS,2012,4.969656467,Index(0-10)
MAR,WHR-LS,2013,5.142160416,Index(0-10)
MAR,WHR-LS,2015,5.163156986,Index(0-10)
MAR,WHR-LS,2016,5.38630724,Index(0-10)
MAR,WHR-LS,2017,5.312482834,Index(0-10)
MAR,WHR-LS,2018,4.896791935,Index(0-10)
MAR,WHR-LS,2019,5.056751728,Index(0-10)
MAR,WHR-LS,2020,4.80261755,Index(0-10)
MAR,WHR-LS,2021,5.326248646,Index(0-10)
MAR,WHR-LS,2022,4.596093178,Index(0-10)
MAR,WHR-LS,2023,4.486514091,Index(0-10)
MOZ,WHR-LS,2006,4.594879627,Index(0-10)
MOZ,WHR-LS,2007,4.832634926,Index(0-10)
MOZ,WHR-LS,2008,4.65358305,Index(0-10)
MOZ,WHR-LS,2011,4.971111774,Index(0-10)
MOZ,WHR-LS,2015,4.549767494,Index(0-10)
MOZ,WHR-LS,2017,4.279863358,Index(0-10)
MOZ,WHR-LS,2018,4.653713703,Index(0-10)
MOZ,WHR-LS,2019,4.932132721,Index(0-10)
MOZ,WHR-LS,2021,5.178486824,Index(0-10)
MOZ,WHR-LS,2022,4.739677429,Index(0-10)
MOZ,WHR-LS,2023,5.704499245,Index(0-10)
MMR,WHR-LS,2012,4.438939571,Index(0-10)
MMR,WHR-LS,2013,4.175670624,Index(0-10)
MMR,WHR-LS,2014,4.786247253,Index(0-10)
MMR,WHR-LS,2015,4.223846436,Index(0-10)
MMR,WHR-LS,2016,4.623119831,Index(0-10)
MMR,WHR-LS,2017,4.154341698,Index(0-10)
MMR,WHR-LS,2018,4.410633087,Index(0-10)
MMR,WHR-LS,2019,4.43423748,Index(0-10)
MMR,WHR-LS,2020,4.431364059,Index(0-10)
MMR,WHR-LS,2021,4.314039707,Index(0-10)
MMR,WHR-LS,2022,4.359069824,Index(0-10)
MMR,WHR-LS,2023,4.390633583,Index(0-10)
NAM,WHR-LS,2007,4.885587215,Index(0-10)
NAM,WHR-LS,2014,4.573991299,Index(0-10)
NAM,WHR-LS,2017,4.441306114,Index(0-10)
NAM,WHR-LS,2018,4.834087849,Index(0-10)
NAM,WHR-LS,2019,4.435811043,Index(0-10)
NAM,WHR-LS,2020,4.451010227,Index(0-10)
NAM,WHR-LS,2021,4.491207123,Index(0-10)
NAM,WHR-LS,2022,4.948962688,Index(0-10)
NAM,WHR-LS,2023,5.055321693,Index(0-10)
NPL,WHR-LS,2006,4.566594601,Index(0-10)
NPL,WHR-LS,2007,4.74828434,Index(0-10)
NPL,WHR-LS,2008,4.440526485,Index(0-10)
NPL,WHR-LS,2009,4.91686821,Index(0-10)
NPL,WHR-LS,2010,4.349675179,Index(0-10)
NPL,WHR-LS,2011,3.809444666,Index(0-10)
NPL,WHR-LS,2012,4.233244896,Index(0-10)
NPL,WHR-LS,2013,4.604576588,Index(0-10)
NPL,WHR-LS,2014,4.975014687,Index(0-10)
NPL,WHR-LS,2015,4.812436581,Index(0-10)
NPL,WHR-LS,2016,5.099539757,Index(0-10)
NPL,WHR-LS,2017,4.736692429,Index(0-10)
NPL,WHR-LS,2018,4.910086632,Index(0-10)
NPL,WHR-LS,2019,5.448724747,Index(0-10)
NPL,WHR-LS,2020,5.982410431,Index(0-10)
NPL,WHR-LS,2021,4.622300148,Index(0-10)
NPL,WHR-LS,2022,5.47417593,Index(0-10)
NPL,WHR-LS,2023,5.388708115,Index(0-10)
NLD,WHR-LS,2005,7.463979244,Index(0-10)
NLD,WHR-LS,2007,7.451879501,Index(0-10)
NLD,WHR-LS,2008,7.631011963,Index(0-10)
NLD,WHR-LS,2010,7.501875877,Index(0-10)
NLD,WHR-LS,2011,7.563797951,Index(0-10)
NLD,WHR-LS,2012,7.470715523,Index(0-10)
NLD,WHR-LS,2013,7.406550407,Index(0-10)
NLD,WHR-LS,2014,7.32118845,Index(0-10)
NLD,WHR-LS,2015,7.324437141,Index(0-10)
NLD,WHR-LS,2016,7.540877342,Index(0-10)
NLD,WHR-LS,2017,7.458965302,Index(0-10)
NLD,WHR-LS,2018,7.463097095,Index(0-10)
NLD,WHR-LS,2019,7.42526865,Index(0-10)
NLD,WHR-LS,2020,7.504447937,Index(0-10)
NLD,WHR-LS,2021,7.314151287,Index(0-10)
NLD,WHR-LS,2022,7.38963604,Index(0-10)
NLD,WHR-LS,2023,7.254793644,Index(0-10)
NZL,WHR-LS,2006,7.305014133,Index(0-10)
NZL,WHR-LS,2007,7.604173183,Index(0-10)
NZL,WHR-LS,2008,7.38117075,Index(0-10)
NZL,WHR-LS,2010,7.223756313,Index(0-10)
NZL,WHR-LS,2011,7.190638065,Index(0-10)
NZL,WHR-LS,2012,7.249629974,Index(0-10)
NZL,WHR-LS,2013,7.280151844,Index(0-10)
NZL,WHR-LS,2014,7.305892467,Index(0-10)
NZL,WHR-LS,2015,7.418120861,Index(0-10)
NZL,WHR-LS,2016,7.225687981,Index(0-10)
NZL,WHR-LS,2017,7.32718277,Index(0-10)
NZL,WHR-LS,2018,7.370285988,Index(0-10)
NZL,WHR-LS,2019,7.205174446,Index(0-10)
NZL,WHR-LS,2020,7.257381916,Index(0-10)
NZL,WHR-LS,2021,7.13670063,Index(0-10)
NZL,WHR-LS,2022,6.974986553,Index(0-10)
NZL,WHR-LS,2023,6.975955486,Index(0-10)
NIC,WHR-LS,2006,4.460158348,Index(0-10)
NIC,WHR-LS,2007,4.944090843,Index(0-10)
NIC,WHR-LS,2008,5.103827477,Index(0-10)
NIC,WHR-LS,2009,5.352804661,Index(0-10)
NIC,WHR-LS,2010,5.68669939,Index(0-10)
NIC,WHR-LS,2011,5.385705471,Index(0-10)
NIC,WHR-LS,2012,5.448006153,Index(0-10)
NIC,WHR-LS,2013,5.772274971,Index(0-10)
NIC,WHR-LS,2014,6.275266647,Index(0-10)
NIC,WHR-LS,2015,5.924112797,Index(0-10)
NIC,WHR-LS,2016,6.012739658,Index(0-10)
NIC,WHR-LS,2017,6.476356506,Index(0-10)
NIC,WHR-LS,2018,5.81895256,Index(0-10)
NIC,WHR-LS,2019,6.112545013,Index(0-10)
NIC,WHR-LS,2020,6.28689003,Index(0-10)
NIC,WHR-LS,2021,6.095348835,Index(0-10)
NIC,WHR-LS,2022,6.39225769,Index(0-10)
NIC,WHR-LS,2023,6.36212492,Index(0-10)
NER,WHR-LS,2006,3.736951828,Index(0-10)
NER,WHR-LS,2007,4.277402401,Index(0-10)
NER,WHR-LS,2008,4.235657215,Index(0-10)
NER,WHR-LS,2009,4.267169952,Index(0-10)
NER,WHR-LS,2010,4.101016045,Index(0-10)
NER,WHR-LS,2011,4.555829525,Index(0-10)
NER,WHR-LS,2012,3.798088312,Index(0-10)
NER,WHR-LS,2013,3.716329813,Index(0-10)
NER,WHR-LS,2014,4.180943489,Index(0-10)
NER,WHR-LS,2015,3.671453714,Index(0-10)
NER,WHR-LS,2016,4.234645844,Index(0-10)
NER,WHR-LS,2017,4.615673542,Index(0-10)
NER,WHR-LS,2018,5.164007187,Index(0-10)
NER,WHR-LS,2019,5.003544331,Index(0-10)
NER,WHR-LS,2022,4.501331329,Index(0-10)
NER,WHR-LS,2023,4.608657837,Index(0-10)
NGA,WHR-LS,2006,4.709745884,Index(0-10)
NGA,WHR-LS,2007,4.890419483,Index(0-10)
NGA,WHR-LS,2008,4.938560486,Index(0-10)
NGA,WHR-LS,2009,4.980220318,Index(0-10)
NGA,WHR-LS,2010,4.760275841,Index(0-10)
NGA,WHR-LS,2012,5.492954254,Index(0-10)
NGA,WHR-LS,2013,4.81786871,Index(0-10)
NGA,WHR-LS,2015,4.932914734,Index(0-10)
NGA,WHR-LS,2016,5.219567776,Index(0-10)
NGA,WHR-LS,2017,5.321928024,Index(0-10)
NGA,WHR-LS,2018,5.252288342,Index(0-10)
NGA,WHR-LS,2019,4.266484261,Index(0-10)
NGA,WHR-LS,2020,5.502948284,Index(0-10)
NGA,WHR-LS,2021,4.47926569,Index(0-10)
NGA,WHR-LS,2022,5.29424715,Index(0-10)
NGA,WHR-LS,2023,4.868937492,Index(0-10)
MKD,WHR-LS,2007,4.493598461,Index(0-10)
MKD,WHR-LS,2009,4.428021908,Index(0-10)
MKD,WHR-LS,2010,4.180202007,Index(0-10)
MKD,WHR-LS,2011,4.898180008,Index(0-10)
MKD,WHR-LS,2012,4.639647484,Index(0-10)
MKD,WHR-LS,2013,5.186190605,Index(0-10)
MKD,WHR-LS,2014,5.203825951,Index(0-10)
MKD,WHR-LS,2015,4.975589752,Index(0-10)
MKD,WHR-LS,2016,5.34574604,Index(0-10)
MKD,WHR-LS,2017,5.233866692,Index(0-10)
MKD,WHR-LS,2018,5.239834785,Index(0-10)
MKD,WHR-LS,2019,5.015485287,Index(0-10)
MKD,WHR-LS,2020,5.053664207,Index(0-10)
MKD,WHR-LS,2021,5.534749985,Index(0-10)
MKD,WHR-LS,2022,5.166881561,Index(0-10)
MKD,WHR-LS,2023,5.403024673,Index(0-10)
NOR,WHR-LS,2006,7.415682316,Index(0-10)
NOR,WHR-LS,2008,7.632287502,Index(0-10)
NOR,WHR-LS,2012,7.678277016,Index(0-10)
NOR,WHR-LS,2014,7.444470882,Index(0-10)
NOR,WHR-LS,2015,7.603433609,Index(0-10)
NOR,WHR-LS,2016,7.596331596,Index(0-10)
NOR,WHR-LS,2017,7.578744888,Index(0-10)
NOR,WHR-LS,2018,7.444262028,Index(0-10)
NOR,WHR-LS,2019,7.442139626,Index(0-10)
NOR,WHR-LS,2020,7.290032387,Index(0-10)
NOR,WHR-LS,2021,7.361573696,Index(0-10)
NOR,WHR-LS,2022,7.294604301,Index(0-10)
NOR,WHR-LS,2023,7.248675346,Index(0-10)
OMN,WHR-LS,2011,6.852982044,Index(0-10)
PAK,WHR-LS,2005,5.224657536,Index(0-10)
PAK,WHR-LS,2007,5.671460629,Index(0-10)
PAK,WHR-LS,2008,4.413918972,Index(0-10)
PAK,WHR-LS,2009,5.208146572,Index(0-10)
PAK,WHR-LS,2010,5.786132813,Index(0-10)
PAK,WHR-LS,2011,5.267186165,Index(0-10)
PAK,WHR-LS,2012,5.131565094,Index(0-10)
PAK,WHR-LS,2013,5.138082504,Index(0-10)
PAK,WHR-LS,2014,5.435657978,Index(0-10)
PAK,WHR-LS,2015,4.823194981,Index(0-10)
PAK,WHR-LS,2016,5.548508167,Index(0-10)
PAK,WHR-LS,2017,5.830870628,Index(0-10)
PAK,WHR-LS,2018,5.471553802,Index(0-10)
PAK,WHR-LS,2019,4.442717552,Index(0-10)
PAK,WHR-LS,2020,4.623969078,Index(0-10)
PAK,WHR-LS,2021,4.486834526,Index(0-10)
PAK,WHR-LS,2022,4.930678368,Index(0-10)
PAK,WHR-LS,2023,4.549314499,Index(0-10)
PAN,WHR-LS,2006,6.127988338,Index(0-10)
PAN,WHR-LS,2007,6.894139767,Index(0-10)
PAN,WHR-LS,2008,6.930903435,Index(0-10)
PAN,WHR-LS,2009,7.033740044,Index(0-10)
PAN,WHR-LS,2010,7.3214674,Index(0-10)
PAN,WHR-LS,2011,7.24808073,Index(0-10)
PAN,WHR-LS,2012,6.859835625,Index(0-10)
PAN,WHR-LS,2013,6.86648035,Index(0-10)
PAN,WHR-LS,2014,6.631171227,Index(0-10)
PAN,WHR-LS,2015,6.605550289,Index(0-10)
PAN,WHR-LS,2016,6.117638111,Index(0-10)
PAN,WHR-LS,2017,6.567658901,Index(0-10)
PAN,WHR-LS,2018,6.281434059,Index(0-10)
PAN,WHR-LS,2019,6.085955143,Index(0-10)
PAN,WHR-LS,2021,6.552778721,Index(0-10)
PAN,WHR-LS,2022,5.979382038,Index(0-10)
PAN,WHR-LS,2023,6.543289661,Index(0-10)
PRY,WHR-LS,2006,4.730082035,Index(0-10)
PRY,WHR-LS,2007,5.272461414,Index(0-10)
PRY,WHR-LS,2008,5.570061684,Index(0-10)
PRY,WHR-LS,2009,5.576147079,Index(0-10)
PRY,WHR-LS,2010,5.841174126,Index(0-10)
PRY,WHR-LS,2011,5.677080631,Index(0-10)
PRY,WHR-LS,2012,5.820058346,Index(0-10)
PRY,WHR-LS,2013,5.936240673,Index(0-10)
PRY,WHR-LS,2014,5.118641853,Index(0-10)
PRY,WHR-LS,2015,5.559724331,Index(0-10)
PRY,WHR-LS,2016,5.801380157,Index(0-10)
PRY,WHR-LS,2017,5.71329546,Index(0-10)
PRY,WHR-LS,2019,5.652625561,Index(0-10)
PRY,WHR-LS,2020,5.501248837,Index(0-10)
PRY,WHR-LS,2021,5.575535297,Index(0-10)
PRY,WHR-LS,2022,6.137611866,Index(0-10)
PRY,WHR-LS,2023,6.213788509,Index(0-10)
PER,WHR-LS,2006,4.810845375,Index(0-10)
PER,WHR-LS,2007,5.213962078,Index(0-10)
PER,WHR-LS,2008,5.129230976,Index(0-10)
PER,WHR-LS,2009,5.518846989,Index(0-10)
PER,WHR-LS,2010,5.612785339,Index(0-10)
PER,WHR-LS,2011,5.892457485,Index(0-10)
PER,WHR-LS,2012,5.824557304,Index(0-10)
PER,WHR-LS,2013,5.782557487,Index(0-10)
PER,WHR-LS,2014,5.865815639,Index(0-10)
PER,WHR-LS,2015,5.577263355,Index(0-10)
PER,WHR-LS,2016,5.700628757,Index(0-10)
PER,WHR-LS,2017,5.710936546,Index(0-10)
PER,WHR-LS,2018,5.679661274,Index(0-10)
PER,WHR-LS,2019,5.999381542,Index(0-10)
PER,WHR-LS,2020,4.994379044,Index(0-10)
PER,WHR-LS,2021,5.694317818,Index(0-10)
PER,WHR-LS,2022,5.892068863,Index(0-10)
PER,WHR-LS,2023,5.935666084,Index(0-10)
PHL,WHR-LS,2006,4.669945717,Index(0-10)
PHL,WHR-LS,2007,5.073562145,Index(0-10)
PHL,WHR-LS,2008,4.589065075,Index(0-10)
PHL,WHR-LS,2009,4.879910946,Index(0-10)
PHL,WHR-LS,2010,4.941514015,Index(0-10)
PHL,WHR-LS,2011,4.993956566,Index(0-10)
PHL,WHR-LS,2012,5.001965046,Index(0-10)
PHL,WHR-LS,2013,4.976925373,Index(0-10)
PHL,WHR-LS,2014,5.312550068,Index(0-10)
PHL,WHR-LS,2015,5.547489166,Index(0-10)
PHL,WHR-LS,2016,5.430832863,Index(0-10)
PHL,WHR-LS,2017,5.594270229,Index(0-10)
PHL,WHR-LS,2018,5.869172573,Index(0-10)
PHL,WHR-LS,2019,6.267745018,Index(0-10)
PHL,WHR-LS,2020,5.079585075,Index(0-10)
PHL,WHR-LS,2021,5.96505785,Index(0-10)
PHL,WHR-LS,2022,5.994960308,Index(0-10)
PHL,WHR-LS,2023,6.183511734,Index(0-10)
POL,WHR-LS,2005,5.587209225,Index(0-10)
POL,WHR-LS,2007,5.886137486,Index(0-10)
POL,WHR-LS,2009,5.772027493,Index(0-10)
POL,WHR-LS,2010,5.887029648,Index(0-10)
POL,WHR-LS,2011,5.646204948,Index(0-10)
POL,WHR-LS,2012,5.87593174,Index(0-10)
POL,WHR-LS,2013,5.746131897,Index(0-10)
POL,WHR-LS,2014,5.750282288,Index(0-10)
POL,WHR-LS,2015,6.007021904,Index(0-10)
POL,WHR-LS,2016,6.162076473,Index(0-10)
POL,WHR-LS,2017,6.201268196,Index(0-10)
POL,WHR-LS,2018,6.111485004,Index(0-10)
POL,WHR-LS,2019,6.24209404,Index(0-10)
POL,WHR-LS,2020,6.139455318,Index(0-10)
POL,WHR-LS,2021,5.978068829,Index(0-10)
POL,WHR-LS,2022,6.666265011,Index(0-10)
POL,WHR-LS,2023,6.684652805,Index(0-10)
PRT,WHR-LS,2006,5.405246258,Index(0-10)
PRT,WHR-LS,2008,5.716966629,Index(0-10)
PRT,WHR-LS,2010,5.094525814,Index(0-10)
PRT,WHR-LS,2011,5.219997883,Index(0-10)
PRT,WHR-LS,2012,4.993962288,Index(0-10)
PRT,WHR-LS,2013,5.157688141,Index(0-10)
PRT,WHR-LS,2014,5.12691164,Index(0-10)
PRT,WHR-LS,2015,5.080866337,Index(0-10)
PRT,WHR-LS,2016,5.446637154,Index(0-10)
PRT,WHR-LS,2017,5.711499214,Index(0-10)
PRT,WHR-LS,2018,5.919822693,Index(0-10)
PRT,WHR-LS,2019,6.095473289,Index(0-10)
PRT,WHR-LS,2020,5.767792225,Index(0-10)
PRT,WHR-LS,2021,6.183014393,Index(0-10)
PRT,WHR-LS,2022,5.952542782,Index(0-10)
PRT,WHR-LS,2023,5.954010963,Index(0-10)
QAT,WHR-LS,2009,6.417824268,Index(0-10)
QAT,WHR-LS,2010,6.849652767,Index(0-10)
QAT,WHR-LS,2011,6.591604233,Index(0-10)
QAT,WHR-LS,2012,6.611298561,Index(0-10)
QAT,WHR-LS,2015,6.374529362,Index(0-10)
ROU,WHR-LS,2005,5.048648357,Index(0-10)
ROU,WHR-LS,2007,5.393723965,Index(0-10)
ROU,WHR-LS,2009,5.367565155,Index(0-10)
ROU,WHR-LS,2010,4.909165859,Index(0-10)
ROU,WHR-LS,2011,5.02275753,Index(0-10)
ROU,WHR-LS,2012,5.166874886,Index(0-10)
ROU,WHR-LS,2013,5.081584454,Index(0-10)
ROU,WHR-LS,2014,5.726893425,Index(0-10)
ROU,WHR-LS,2015,5.777491093,Index(0-10)
ROU,WHR-LS,2016,5.96887064,Index(0-10)
ROU,WHR-LS,2017,6.089904785,Index(0-10)
ROU,WHR-LS,2018,6.150878906,Index(0-10)
ROU,WHR-LS,2019,6.129942417,Index(0-10)
ROU,WHR-LS,2020,6.785142422,Index(0-10)
ROU,WHR-LS,2021,6.548725605,Index(0-10)
ROU,WHR-LS,2022,6.436973572,Index(0-10)
ROU,WHR-LS,2023,6.488589764,Index(0-10)
RUS,WHR-LS,2006,4.963742733,Index(0-10)
RUS,WHR-LS,2007,5.222867489,Index(0-10)
RUS,WHR-LS,2008,5.61875391,Index(0-10)
RUS,WHR-LS,2009,5.158227921,Index(0-10)
RUS,WHR-LS,2010,5.384773254,Index(0-10)
RUS,WHR-LS,2011,5.388766289,Index(0-10)
RUS,WHR-LS,2012,5.620735645,Index(0-10)
RUS,WHR-LS,2013,5.537177563,Index(0-10)
RUS,WHR-LS,2014,6.036976814,Index(0-10)
RUS,WHR-LS,2015,5.995538712,Index(0-10)
RUS,WHR-LS,2016,5.85494566,Index(0-10)
RUS,WHR-LS,2017,5.578742981,Index(0-10)
RUS,WHR-LS,2018,5.513500214,Index(0-10)
RUS,WHR-LS,2019,5.440523624,Index(0-10)
RUS,WHR-LS,2020,5.495288849,Index(0-10)
RUS,WHR-LS,2021,5.448261261,Index(0-10)
RUS,WHR-LS,2022,6.044072628,Index(0-10)
RUS,WHR-LS,2023,5.864812374,Index(0-10)
RWA,WHR-LS,2006,4.21470356,Index(0-10)
RWA,WHR-LS,2008,4.362988949,Index(0-10)
RWA,WHR-LS,2009,4.029761791,Index(0-10)
RWA,WHR-LS,2011,4.097435951,Index(0-10)
RWA,WHR-LS,2012,3.333047867,Index(0-10)
RWA,WHR-LS,2013,3.466387749,Index(0-10)
RWA,WHR-LS,2014,3.595678329,Index(0-10)
RWA,WHR-LS,2015,3.483108997,Index(0-10)
RWA,WHR-LS,2016,3.332989931,Index(0-10)
RWA,WHR-LS,2017,3.10837388,Index(0-10)
RWA,WHR-LS,2018,3.5610466,Index(0-10)
RWA,WHR-LS,2019,3.268152237,Index(0-10)
SAU,WHR-LS,2005,7.079644203,Index(0-10)
SAU,WHR-LS,2007,7.266694069,Index(0-10)
SAU,WHR-LS,2008,6.811370373,Index(0-10)
SAU,WHR-LS,2009,6.14759016,Index(0-10)
SAU,WHR-LS,2010,6.307098389,Index(0-10)
SAU,WHR-LS,2011,6.699789524,Index(0-10)
SAU,WHR-LS,2012,6.396359444,Index(0-10)
SAU,WHR-LS,2013,6.495132923,Index(0-10)
SAU,WHR-LS,2014,6.27837801,Index(0-10)
SAU,WHR-LS,2015,6.345491886,Index(0-10)
SAU,WHR-LS,2016,6.473921299,Index(0-10)
SAU,WHR-LS,2017,6.294282436,Index(0-10)
SAU,WHR-LS,2018,6.356393337,Index(0-10)
SAU,WHR-LS,2019,6.561247349,Index(0-10)
SAU,WHR-LS,2020,6.559588432,Index(0-10)
SAU,WHR-LS,2021,6.44529438,Index(0-10)
SAU,WHR-LS,2022,6.381610394,Index(0-10)
SAU,WHR-LS,2023,6.953373909,Index(0-10)
SEN,WHR-LS,2006,4.417352676,Index(0-10)
SEN,WHR-LS,2007,4.679986954,Index(0-10)
SEN,WHR-LS,2008,4.683499813,Index(0-10)
SEN,WHR-LS,2009,4.335114002,Index(0-10)
SEN,WHR-LS,2010,4.372156143,Index(0-10)
SEN,WHR-LS,2011,3.834201574,Index(0-10)
SEN,WHR-LS,2012,3.668736935,Index(0-10)
SEN,WHR-LS,2013,3.647367001,Index(0-10)
SEN,WHR-LS,2014,4.394777298,Index(0-10)
SEN,WHR-LS,2015,4.61700058,Index(0-10)
SEN,WHR-LS,2016,4.59453392,Index(0-10)
SEN,WHR-LS,2017,4.683024883,Index(0-10)
SEN,WHR-LS,2018,4.769377232,Index(0-10)
SEN,WHR-LS,2019,5.488736629,Index(0-10)
SEN,WHR-LS,2020,4.756773472,Index(0-10)
SEN,WHR-LS,2021,4.902830601,Index(0-10)
SEN,WHR-LS,2022,4.90681982,Index(0-10)
SEN,WHR-LS,2023,5.092725277,Index(0-10)
SRB,WHR-LS,2007,4.750383854,Index(0-10)
SRB,WHR-LS,2009,4.380311966,Index(0-10)
SRB,WHR-LS,2010,4.461304188,Index(0-10)
SRB,WHR-LS,2011,4.815186501,Index(0-10)
SRB,WHR-LS,2012,5.154521942,Index(0-10)
SRB,WHR-LS,2013,5.101840496,Index(0-10)
SRB,WHR-LS,2014,5.112728596,Index(0-10)
SRB,WHR-LS,2015,5.317685127,Index(0-10)
SRB,WHR-LS,2016,5.752754688,Index(0-10)
SRB,WHR-LS,2017,5.122031212,Index(0-10)
SRB,WHR-LS,2018,5.936493397,Index(0-10)
SRB,WHR-LS,2019,6.241407394,Index(0-10)
SRB,WHR-LS,2020,6.041546345,Index(0-10)
SRB,WHR-LS,2021,6.245267391,Index(0-10)
SRB,WHR-LS,2022,6.54558754,Index(0-10)
SRB,WHR-LS,2023,6.441013813,Index(0-10)
SLE,WHR-LS,2006,3.628185034,Index(0-10)
SLE,WHR-LS,2007,3.585127354,Index(0-10)
SLE,WHR-LS,2008,2.997251034,Index(0-10)
SLE,WHR-LS,2010,4.133955956,Index(0-10)
SLE,WHR-LS,2011,4.501643658,Index(0-10)
SLE,WHR-LS,2013,4.514291286,Index(0-10)
SLE,WHR-LS,2014,4.499970436,Index(0-10)
SLE,WHR-LS,2015,4.908617973,Index(0-10)
SLE,WHR-LS,2016,4.732953072,Index(0-10)
SLE,WHR-LS,2017,4.089562416,Index(0-10)
SLE,WHR-LS,2018,4.305683136,Index(0-10)
SLE,WHR-LS,2019,3.447381496,Index(0-10)
SLE,WHR-LS,2021,3.714294434,Index(0-10)
SLE,WHR-LS,2022,2.560429573,Index(0-10)
SLE,WHR-LS,2023,3.466577768,Index(0-10)
SGP,WHR-LS,2006,6.462702751,Index(0-10)
SGP,WHR-LS,2007,6.833754539,Index(0-10)
SGP,WHR-LS,2008,6.641956806,Index(0-10)
SGP,WHR-LS,2009,6.144676685,Index(0-10)
SGP,WHR-LS,2010,6.531401634,Index(0-10)
SGP,WHR-LS,2011,6.561041832,Index(0-10)
SGP,WHR-LS,2013,6.53320694,Index(0-10)
SGP,WHR-LS,2014,7.062364578,Index(0-10)
SGP,WHR-LS,2015,6.619524956,Index(0-10)
SGP,WHR-LS,2016,6.033480644,Index(0-10)
SGP,WHR-LS,2017,6.378437996,Index(0-10)
SGP,WHR-LS,2018,6.374564171,Index(0-10)
SGP,WHR-LS,2019,6.378359795,Index(0-10)
SGP,WHR-LS,2021,6.586717129,Index(0-10)
SGP,WHR-LS,2022,6.333045959,Index(0-10)
SGP,WHR-LS,2023,6.653942108,Index(0-10)
SVK,WHR-LS,2006,5.264676571,Index(0-10)
SVK,WHR-LS,2010,6.052223206,Index(0-10)
SVK,WHR-LS,2011,5.945048332,Index(0-10)
SVK,WHR-LS,2012,5.91105938,Index(0-10)
SVK,WHR-LS,2013,5.936527252,Index(0-10)
SVK,WHR-LS,2014,6.1388731,Index(0-10)
SVK,WHR-LS,2015,6.162004471,Index(0-10)
SVK,WHR-LS,2016,5.993163109,Index(0-10)
SVK,WHR-LS,2017,6.365509033,Index(0-10)
SVK,WHR-LS,2018,6.23511076,Index(0-10)
SVK,WHR-LS,2019,6.243428707,Index(0-10)
SVK,WHR-LS,2020,6.519098282,Index(0-10)
SVK,WHR-LS,2021,6.418503761,Index(0-10)
SVK,WHR-LS,2022,6.091082096,Index(0-10)
SVK,WHR-LS,2023,6.260521889,Index(0-10)
SVN,WHR-LS,2006,5.811264515,Index(0-10)
SVN,WHR-LS,2009,5.830160618,Index(0-10)
SVN,WHR-LS,2010,6.082555294,Index(0-10)
SVN,WHR-LS,2011,6.035964012,Index(0-10)
SVN,WHR-LS,2012,6.062891006,Index(0-10)
SVN,WHR-LS,2013,5.974888802,Index(0-10)
SVN,WHR-LS,2014,5.678395271,Index(0-10)
SVN,WHR-LS,2015,5.740642071,Index(0-10)
SVN,WHR-LS,2016,5.936821461,Index(0-10)
SVN,WHR-LS,2017,6.166837692,Index(0-10)
SVN,WHR-LS,2018,6.249419212,Index(0-10)
SVN,WHR-LS,2019,6.665273666,Index(0-10)
SVN,WHR-LS,2020,6.462076187,Index(0-10)
SVN,WHR-LS,2021,6.761220932,Index(0-10)
SVN,WHR-LS,2022,6.723397732,Index(0-10)
SVN,WHR-LS,2023,6.745768547,Index(0-10)
SOM,WHR-LS,2014,5.528272629,Index(0-10)
SOM,WHR-LS,2015,5.353644848,Index(0-10)
SOM,WHR-LS,2016,4.667941093,Index(0-10)
SOM,WHR-LS,2009,4.991399765,Index(0-10)
SOM,WHR-LS,2010,4.657363415,Index(0-10)
SOM,WHR-LS,2011,4.930571556,Index(0-10)
SOM,WHR-LS,2012,5.057314396,Index(0-10)
ZAF,WHR-LS,2006,5.083986759,Index(0-10)
ZAF,WHR-LS,2007,5.204454422,Index(0-10)
ZAF,WHR-LS,2008,5.346306801,Index(0-10)
ZAF,WHR-LS,2009,5.218430996,Index(0-10)
ZAF,WHR-LS,2010,4.652428627,Index(0-10)
ZAF,WHR-LS,2011,4.930511475,Index(0-10)
ZAF,WHR-LS,2012,5.133887768,Index(0-10)
ZAF,WHR-LS,2013,3.660727262,Index(0-10)
ZAF,WHR-LS,2014,4.828456402,Index(0-10)
ZAF,WHR-LS,2015,4.887325764,Index(0-10)
ZAF,WHR-LS,2016,4.769739628,Index(0-10)
ZAF,WHR-LS,2017,4.513655186,Index(0-10)
ZAF,WHR-LS,2018,4.8839221,Index(0-10)
ZAF,WHR-LS,2019,5.034863472,Index(0-10)
ZAF,WHR-LS,2020,4.946800709,Index(0-10)
ZAF,WHR-LS,2021,5.598653793,Index(0-10)
ZAF,WHR-LS,2022,5.581030369,Index(0-10)
ZAF,WHR-LS,2023,5.075719357,Index(0-10)
KOR,WHR-LS,2006,5.332177639,Index(0-10)
KOR,WHR-LS,2007,5.76727581,Index(0-10)
KOR,WHR-LS,2008,5.389624596,Index(0-10)
KOR,WHR-LS,2009,5.647689819,Index(0-10)
KOR,WHR-LS,2010,6.116024494,Index(0-10)
KOR,WHR-LS,2011,6.946599007,Index(0-10)
KOR,WHR-LS,2012,6.003286839,Index(0-10)
KOR,WHR-LS,2013,5.958809853,Index(0-10)
KOR,WHR-LS,2014,5.801325321,Index(0-10)
KOR,WHR-LS,2015,5.780211449,Index(0-10)
KOR,WHR-LS,2016,5.970564365,Index(0-10)
KOR,WHR-LS,2017,5.873887062,Index(0-10)
KOR,WHR-LS,2018,5.840231419,Index(0-10)
KOR,WHR-LS,2019,5.902816772,Index(0-10)
KOR,WHR-LS,2020,5.792695522,Index(0-10)
KOR,WHR-LS,2021,6.112745285,Index(0-10)
KOR,WHR-LS,2022,5.950013638,Index(0-10)
KOR,WHR-LS,2023,6.111918926,Index(0-10)
SSD,WHR-LS,2014,3.831992388,Index(0-10)
SSD,WHR-LS,2015,4.070771217,Index(0-10)
SSD,WHR-LS,2016,2.888112307,Index(0-10)
SSD,WHR-LS,2017,2.816622496,Index(0-10)
ESP,WHR-LS,2005,7.152785778,Index(0-10)
ESP,WHR-LS,2007,6.994614601,Index(0-10)
ESP,WHR-LS,2008,7.294472694,Index(0-10)
ESP,WHR-LS,2009,6.198601246,Index(0-10)
ESP,WHR-LS,2010,6.188262463,Index(0-10)
ESP,WHR-LS,2011,6.518249035,Index(0-10)
ESP,WHR-LS,2012,6.290690422,Index(0-10)
ESP,WHR-LS,2013,6.150027275,Index(0-10)
ESP,WHR-LS,2014,6.456477642,Index(0-10)
ESP,WHR-LS,2015,6.380663395,Index(0-10)
ESP,WHR-LS,2016,6.318612099,Index(0-10)
ESP,WHR-LS,2017,6.230173111,Index(0-10)
ESP,WHR-LS,2018,6.513370991,Index(0-10)
ESP,WHR-LS,2019,6.457449436,Index(0-10)
ESP,WHR-LS,2020,6.502175331,Index(0-10)
ESP,WHR-LS,2021,6.469611168,Index(0-10)
ESP,WHR-LS,2022,6.336902142,Index(0-10)
ESP,WHR-LS,2023,6.45603323,Index(0-10)
LKA,WHR-LS,2006,4.344610691,Index(0-10)
LKA,WHR-LS,2007,4.414805412,Index(0-10)
LKA,WHR-LS,2008,4.430846214,Index(0-10)
LKA,WHR-LS,2009,4.212026596,Index(0-10)
LKA,WHR-LS,2010,3.976905107,Index(0-10)
LKA,WHR-LS,2011,4.180569172,Index(0-10)
LKA,WHR-LS,2012,4.224593163,Index(0-10)
LKA,WHR-LS,2013,4.364694118,Index(0-10)
LKA,WHR-LS,2014,4.267932892,Index(0-10)
LKA,WHR-LS,2015,4.611606598,Index(0-10)
LKA,WHR-LS,2017,4.330945492,Index(0-10)
LKA,WHR-LS,2018,4.435023785,Index(0-10)
LKA,WHR-LS,2019,4.213299274,Index(0-10)
LKA,WHR-LS,2020,4.778489113,Index(0-10)
LKA,WHR-LS,2021,4.10344696,Index(0-10)
LKA,WHR-LS,2022,3.984860182,Index(0-10)
LKA,WHR-LS,2023,3.602454901,Index(0-10)
PSE,WHR-LS,2006,4.716387749,Index(0-10)
PSE,WHR-LS,2007,4.151053905,Index(0-10)
PSE,WHR-LS,2008,4.385603428,Index(0-10)
PSE,WHR-LS,2009,4.470191479,Index(0-10)
PSE,WHR-LS,2010,4.702603817,Index(0-10)
PSE,WHR-LS,2011,4.751219749,Index(0-10)
PSE,WHR-LS,2012,4.646608353,Index(0-10)
PSE,WHR-LS,2013,4.844027996,Index(0-10)
PSE,WHR-LS,2014,4.721938133,Index(0-10)
PSE,WHR-LS,2015,4.695239067,Index(0-10)
PSE,WHR-LS,2016,4.906618118,Index(0-10)
PSE,WHR-LS,2017,4.62813282,Index(0-10)
PSE,WHR-LS,2018,4.5539217,Index(0-10)
PSE,WHR-LS,2019,4.48253727,Index(0-10)
PSE,WHR-LS,2022,4.907760143,Index(0-10)
PSE,WHR-LS,2023,4.851185322,Index(0-10)
SDN,WHR-LS,2009,4.454917431,Index(0-10)
SDN,WHR-LS,2010,4.435159683,Index(0-10)
SDN,WHR-LS,2011,4.314456463,Index(0-10)
SDN,WHR-LS,2012,4.550499439,Index(0-10)
SDN,WHR-LS,2014,4.138672829,Index(0-10)
SUR,WHR-LS,2012,6.269286633,Index(0-10)
SWE,WHR-LS,2005,7.376315594,Index(0-10)
SWE,WHR-LS,2007,7.241362572,Index(0-10)
SWE,WHR-LS,2008,7.51599741,Index(0-10)
SWE,WHR-LS,2009,7.265977383,Index(0-10)
SWE,WHR-LS,2010,7.496018887,Index(0-10)
SWE,WHR-LS,2011,7.382232189,Index(0-10)
SWE,WHR-LS,2012,7.560147762,Index(0-10)
SWE,WHR-LS,2013,7.434010506,Index(0-10)
SWE,WHR-LS,2014,7.239147663,Index(0-10)
SWE,WHR-LS,2015,7.28892231,Index(0-10)
SWE,WHR-LS,2016,7.368744373,Index(0-10)
SWE,WHR-LS,2017,7.286804676,Index(0-10)
SWE,WHR-LS,2018,7.374792099,Index(0-10)
SWE,WHR-LS,2019,7.398092747,Index(0-10)
SWE,WHR-LS,2020,7.314341068,Index(0-10)
SWE,WHR-LS,2021,7.439280033,Index(0-10)
SWE,WHR-LS,2022,7.431214333,Index(0-10)
SWE,WHR-LS,2023,7.160777092,Index(0-10)
CHE,WHR-LS,2006,7.473252773,Index(0-10)
CHE,WHR-LS,2009,7.524520874,Index(0-10)
CHE,WHR-LS,2012,7.776208878,Index(0-10)
CHE,WHR-LS,2014,7.492803574,Index(0-10)
CHE,WHR-LS,2015,7.572136879,Index(0-10)
CHE,WHR-LS,2016,7.458519936,Index(0-10)
CHE,WHR-LS,2017,7.473593235,Index(0-10)
CHE,WHR-LS,2018,7.508586884,Index(0-10)
CHE,WHR-LS,2019,7.69422102,Index(0-10)
CHE,WHR-LS,2020,7.508435249,Index(0-10)
CHE,WHR-LS,2021,7.327672482,Index(0-10)
CHE,WHR-LS,2022,6.883844376,Index(0-10)
CHE,WHR-LS,2023,6.96883297,Index(0-10)
SYR,WHR-LS,2008,5.32333231,Index(0-10)
SYR,WHR-LS,2009,4.978970528,Index(0-10)
SYR,WHR-LS,2010,4.464707851,Index(0-10)
SYR,WHR-LS,2011,4.037889481,Index(0-10)
SYR,WHR-LS,2012,3.164491177,Index(0-10)
SYR,WHR-LS,2013,2.687552929,Index(0-10)
SYR,WHR-LS,2015,3.46191287,Index(0-10)
TWN,WHR-LS,2006,6.189050198,Index(0-10)
TWN,WHR-LS,2008,5.547682285,Index(0-10)
TWN,WHR-LS,2010,6.228530884,Index(0-10)
TWN,WHR-LS,2011,6.308915138,Index(0-10)
TWN,WHR-LS,2012,6.125916958,Index(0-10)
TWN,WHR-LS,2013,6.340344429,Index(0-10)
TWN,WHR-LS,2014,6.36349678,Index(0-10)
TWN,WHR-LS,2015,6.450088024,Index(0-10)
TWN,WHR-LS,2016,6.512850761,Index(0-10)
TWN,WHR-LS,2017,6.359450817,Index(0-10)
TWN,WHR-LS,2018,6.467004776,Index(0-10)
TWN,WHR-LS,2019,6.537089825,Index(0-10)
TWN,WHR-LS,2020,6.751067638,Index(0-10)
TWN,WHR-LS,2021,6.246744156,Index(0-10)
TWN,WHR-LS,2022,6.607147217,Index(0-10)
TWN,WHR-LS,2023,6.655351639,Index(0-10)
TJK,WHR-LS,2006,4.613099098,Index(0-10)
TJK,WHR-LS,2007,4.431608677,Index(0-10)
TJK,WHR-LS,2008,5.063986778,Index(0-10)
TJK,WHR-LS,2009,4.575174809,Index(0-10)
TJK,WHR-LS,2010,4.380636215,Index(0-10)
TJK,WHR-LS,2011,4.262671471,Index(0-10)
TJK,WHR-LS,2012,4.496571541,Index(0-10)
TJK,WHR-LS,2013,4.966521263,Index(0-10)
TJK,WHR-LS,2014,4.896157742,Index(0-10)
TJK,WHR-LS,2015,5.124210835,Index(0-10)
TJK,WHR-LS,2016,5.103721142,Index(0-10)
TJK,WHR-LS,2017,5.829234123,Index(0-10)
TJK,WHR-LS,2018,5.497468948,Index(0-10)
TJK,WHR-LS,2019,5.464015484,Index(0-10)
TJK,WHR-LS,2020,5.373398781,Index(0-10)
TJK,WHR-LS,2021,5.286824226,Index(0-10)
TJK,WHR-LS,2022,5.175915241,Index(0-10)
TJK,WHR-LS,2023,5.379470825,Index(0-10)
TZA,WHR-LS,2006,3.922484159,Index(0-10)
TZA,WHR-LS,2007,4.317949772,Index(0-10)
TZA,WHR-LS,2008,4.384741783,Index(0-10)
TZA,WHR-LS,2009,3.407507896,Index(0-10)
TZA,WHR-LS,2010,3.229129076,Index(0-10)
TZA,WHR-LS,2011,4.073562145,Index(0-10)
TZA,WHR-LS,2012,4.006897449,Index(0-10)
TZA,WHR-LS,2013,3.852394819,Index(0-10)
TZA,WHR-LS,2014,3.483278513,Index(0-10)
TZA,WHR-LS,2015,3.660597324,Index(0-10)
TZA,WHR-LS,2016,2.90273428,Index(0-10)
TZA,WHR-LS,2017,3.347121239,Index(0-10)
TZA,WHR-LS,2018,3.445023298,Index(0-10)
TZA,WHR-LS,2019,3.640154839,Index(0-10)
TZA,WHR-LS,2020,3.785684109,Index(0-10)
TZA,WHR-LS,2021,3.68056798,Index(0-10)
TZA,WHR-LS,2022,3.615845203,Index(0-10)
TZA,WHR-LS,2023,4.042028427,Index(0-10)
THA,WHR-LS,2006,5.88543272,Index(0-10)
THA,WHR-LS,2007,5.783891201,Index(0-10)
THA,WHR-LS,2008,5.636471272,Index(0-10)
THA,WHR-LS,2009,5.475645065,Index(0-10)
THA,WHR-LS,2010,6.216702938,Index(0-10)
THA,WHR-LS,2011,6.663609028,Index(0-10)
THA,WHR-LS,2012,6.300235271,Index(0-10)
THA,WHR-LS,2013,6.231024742,Index(0-10)
THA,WHR-LS,2014,6.985463619,Index(0-10)
THA,WHR-LS,2015,6.201762676,Index(0-10)
THA,WHR-LS,2016,6.07363987,Index(0-10)
THA,WHR-LS,2017,5.938895226,Index(0-10)
THA,WHR-LS,2018,6.011561871,Index(0-10)
THA,WHR-LS,2019,6.02215147,Index(0-10)
THA,WHR-LS,2020,5.884544373,Index(0-10)
THA,WHR-LS,2021,5.638096809,Index(0-10)
THA,WHR-LS,2022,6.007117271,Index(0-10)
THA,WHR-LS,2023,6.282364368,Index(0-10)
TGO,WHR-LS,2006,3.202429295,Index(0-10)
TGO,WHR-LS,2008,2.807855129,Index(0-10)
TGO,WHR-LS,2011,2.936220884,Index(0-10)
TGO,WHR-LS,2014,2.83895874,Index(0-10)
TGO,WHR-LS,2015,3.768301964,Index(0-10)
TGO,WHR-LS,2016,3.878578424,Index(0-10)
TGO,WHR-LS,2017,4.360805035,Index(0-10)
TGO,WHR-LS,2018,4.022894859,Index(0-10)
TGO,WHR-LS,2019,4.179493904,Index(0-10)
TGO,WHR-LS,2021,4.036543846,Index(0-10)
TGO,WHR-LS,2022,4.238982201,Index(0-10)
TGO,WHR-LS,2023,4.364938736,Index(0-10)
TTO,WHR-LS,2006,5.832188606,Index(0-10)
TTO,WHR-LS,2008,6.696444035,Index(0-10)
TTO,WHR-LS,2011,6.518745899,Index(0-10)
TTO,WHR-LS,2013,6.167706966,Index(0-10)
TTO,WHR-LS,2017,6.191859722,Index(0-10)
TUN,WHR-LS,2009,5.025470257,Index(0-10)
TUN,WHR-LS,2010,5.130520821,Index(0-10)
TUN,WHR-LS,2011,4.87648201,Index(0-10)
TUN,WHR-LS,2012,4.463531017,Index(0-10)
TUN,WHR-LS,2013,5.245604992,Index(0-10)
TUN,WHR-LS,2014,4.763594627,Index(0-10)
TUN,WHR-LS,2015,5.131611824,Index(0-10)
TUN,WHR-LS,2016,4.521453381,Index(0-10)
TUN,WHR-LS,2017,4.124342918,Index(0-10)
TUN,WHR-LS,2018,4.741132259,Index(0-10)
TUN,WHR-LS,2019,4.315479755,Index(0-10)
TUN,WHR-LS,2020,4.730811119,Index(0-10)
TUN,WHR-LS,2021,4.49948597,Index(0-10)
TUN,WHR-LS,2022,4.260868073,Index(0-10)
TUN,WHR-LS,2023,4.505141258,Index(0-10)
TKM,WHR-LS,2009,6.567713261,Index(0-10)
TKM,WHR-LS,2011,5.791754723,Index(0-10)
TKM,WHR-LS,2012,5.463827133,Index(0-10)
TKM,WHR-LS,2013,5.391762733,Index(0-10)
TKM,WHR-LS,2014,5.787379265,Index(0-10)
TKM,WHR-LS,2015,5.791460037,Index(0-10)
TKM,WHR-LS,2016,5.887051582,Index(0-10)
TKM,WHR-LS,2017,5.229148865,Index(0-10)
TKM,WHR-LS,2018,4.620601654,Index(0-10)
TKM,WHR-LS,2019,5.474299908,Index(0-10)
TUR,WHR-LS,2005,4.718733788,Index(0-10)
TUR,WHR-LS,2007,5.623471737,Index(0-10)
TUR,WHR-LS,2008,5.118231773,Index(0-10)
TUR,WHR-LS,2009,5.212841511,Index(0-10)
TUR,WHR-LS,2010,5.490347385,Index(0-10)
TUR,WHR-LS,2011,5.271944046,Index(0-10)
TUR,WHR-LS,2012,5.309076309,Index(0-10)
TUR,WHR-LS,2013,4.888177395,Index(0-10)
TUR,WHR-LS,2014,5.579794407,Index(0-10)
TUR,WHR-LS,2015,5.514465332,Index(0-10)
TUR,WHR-LS,2016,5.326221943,Index(0-10)
TUR,WHR-LS,2017,5.607262135,Index(0-10)
TUR,WHR-LS,2018,5.185689449,Index(0-10)
TUR,WHR-LS,2019,4.87207365,Index(0-10)
TUR,WHR-LS,2020,4.861554146,Index(0-10)
TUR,WHR-LS,2021,4.366639614,Index(0-10)
TUR,WHR-LS,2022,5.093441486,Index(0-10)
TUR,WHR-LS,2023,5.462700367,Index(0-10)
UGA,WHR-LS,2006,3.733583927,Index(0-10)
UGA,WHR-LS,2007,4.45583868,Index(0-10)
UGA,WHR-LS,2008,4.568619251,Index(0-10)
UGA,WHR-LS,2009,4.611985683,Index(0-10)
UGA,WHR-LS,2010,4.192882061,Index(0-10)
UGA,WHR-LS,2011,4.826001167,Index(0-10)
UGA,WHR-LS,2012,4.309237957,Index(0-10)
UGA,WHR-LS,2013,3.709578753,Index(0-10)
UGA,WHR-LS,2014,3.769919157,Index(0-10)
UGA,WHR-LS,2015,4.237686634,Index(0-10)
UGA,WHR-LS,2016,4.233261108,Index(0-10)
UGA,WHR-LS,2017,4.000516891,Index(0-10)
UGA,WHR-LS,2018,4.321714878,Index(0-10)
UGA,WHR-LS,2019,4.948051453,Index(0-10)
UGA,WHR-LS,2020,4.640909672,Index(0-10)
UGA,WHR-LS,2021,4.224533558,Index(0-10)
UGA,WHR-LS,2022,4.424695492,Index(0-10)
UGA,WHR-LS,2023,4.466518879,Index(0-10)
UKR,WHR-LS,2006,4.803954124,Index(0-10)
UKR,WHR-LS,2007,5.25218153,Index(0-10)
UKR,WHR-LS,2008,5.172380447,Index(0-10)
UKR,WHR-LS,2009,5.1656394,Index(0-10)
UKR,WHR-LS,2010,5.057561398,Index(0-10)
UKR,WHR-LS,2011,5.083132744,Index(0-10)
UKR,WHR-LS,2012,5.030342102,Index(0-10)
UKR,WHR-LS,2013,4.710802555,Index(0-10)
UKR,WHR-LS,2014,4.297329903,Index(0-10)
UKR,WHR-LS,2015,3.964542866,Index(0-10)
UKR,WHR-LS,2016,4.028690338,Index(0-10)
UKR,WHR-LS,2017,4.311067104,Index(0-10)
UKR,WHR-LS,2018,4.661909103,Index(0-10)
UKR,WHR-LS,2019,4.701762199,Index(0-10)
UKR,WHR-LS,2020,5.269675732,Index(0-10)
UKR,WHR-LS,2021,5.311355114,Index(0-10)
UKR,WHR-LS,2022,4.63743639,Index(0-10)
UKR,WHR-LS,2023,4.67244482,Index(0-10)
ARE,WHR-LS,2006,6.734221935,Index(0-10)
ARE,WHR-LS,2009,6.866062641,Index(0-10)
ARE,WHR-LS,2010,7.097455502,Index(0-10)
ARE,WHR-LS,2011,7.118701458,Index(0-10)
ARE,WHR-LS,2012,7.217766762,Index(0-10)
ARE,WHR-LS,2013,6.620951176,Index(0-10)
ARE,WHR-LS,2014,6.539854527,Index(0-10)
ARE,WHR-LS,2015,6.568397522,Index(0-10)
ARE,WHR-LS,2016,6.83095026,Index(0-10)
ARE,WHR-LS,2017,7.039419651,Index(0-10)
ARE,WHR-LS,2018,6.603743553,Index(0-10)
ARE,WHR-LS,2019,6.710782528,Index(0-10)
ARE,WHR-LS,2020,6.458392143,Index(0-10)
ARE,WHR-LS,2021,6.733067513,Index(0-10)
ARE,WHR-LS,2022,6.737605572,Index(0-10)
ARE,WHR-LS,2023,6.728384018,Index(0-10)
GBR,WHR-LS,2005,6.983556747,Index(0-10)
GBR,WHR-LS,2007,6.801930904,Index(0-10)
GBR,WHR-LS,2008,6.986463547,Index(0-10)
GBR,WHR-LS,2009,6.90654707,Index(0-10)
GBR,WHR-LS,2010,7.029364109,Index(0-10)
GBR,WHR-LS,2011,6.869248867,Index(0-10)
GBR,WHR-LS,2012,6.880784035,Index(0-10)
GBR,WHR-LS,2013,6.918055058,Index(0-10)
GBR,WHR-LS,2014,6.758147717,Index(0-10)
GBR,WHR-LS,2015,6.515445232,Index(0-10)
GBR,WHR-LS,2016,6.8242836,Index(0-10)
GBR,WHR-LS,2017,7.103273392,Index(0-10)
GBR,WHR-LS,2018,7.233445168,Index(0-10)
GBR,WHR-LS,2019,7.157151222,Index(0-10)
GBR,WHR-LS,2020,6.798177242,Index(0-10)
GBR,WHR-LS,2021,6.866961956,Index(0-10)
GBR,WHR-LS,2022,6.721779823,Index(0-10)
GBR,WHR-LS,2023,6.658042908,Index(0-10)
USA,WHR-LS,2006,7.18179369,Index(0-10)
USA,WHR-LS,2007,7.512687683,Index(0-10)
USA,WHR-LS,2008,7.280385971,Index(0-10)
USA,WHR-LS,2009,7.158032417,Index(0-10)
USA,WHR-LS,2010,7.16361618,Index(0-10)
USA,WHR-LS,2011,7.115138531,Index(0-10)
USA,WHR-LS,2012,7.026226997,Index(0-10)
USA,WHR-LS,2013,7.249285221,Index(0-10)
USA,WHR-LS,2014,7.151114464,Index(0-10)
USA,WHR-LS,2015,6.863946915,Index(0-10)
USA,WHR-LS,2016,6.803599834,Index(0-10)
USA,WHR-LS,2017,6.9917593,Index(0-10)
USA,WHR-LS,2018,6.882684708,Index(0-10)
USA,WHR-LS,2019,6.943701267,Index(0-10)
USA,WHR-LS,2020,7.028088093,Index(0-10)
USA,WHR-LS,2021,6.959087849,Index(0-10)
USA,WHR-LS,2022,6.692790031,Index(0-10)
USA,WHR-LS,2023,6.520872116,Index(0-10)
URY,WHR-LS,2006,5.785868168,Index(0-10)
URY,WHR-LS,2007,5.693945885,Index(0-10)
URY,WHR-LS,2008,5.663869858,Index(0-10)
URY,WHR-LS,2009,6.296222687,Index(0-10)
URY,WHR-LS,2010,6.062010765,Index(0-10)
URY,WHR-LS,2011,6.554047108,Index(0-10)
URY,WHR-LS,2012,6.449728489,Index(0-10)
URY,WHR-LS,2013,6.444464684,Index(0-10)
URY,WHR-LS,2014,6.561443806,Index(0-10)
URY,WHR-LS,2015,6.628080368,Index(0-10)
URY,WHR-LS,2016,6.171485424,Index(0-10)
URY,WHR-LS,2017,6.336009979,Index(0-10)
URY,WHR-LS,2018,6.371714592,Index(0-10)
URY,WHR-LS,2019,6.600337029,Index(0-10)
URY,WHR-LS,2020,6.309681416,Index(0-10)
URY,WHR-LS,2021,6.501700401,Index(0-10)
URY,WHR-LS,2022,6.670852661,Index(0-10)
URY,WHR-LS,2023,6.661721706,Index(0-10)
UZB,WHR-LS,2006,5.232322216,Index(0-10)
UZB,WHR-LS,2008,5.311368465,Index(0-10)
UZB,WHR-LS,2009,5.26072073,Index(0-10)
UZB,WHR-LS,2010,5.095342159,Index(0-10)
UZB,WHR-LS,2011,5.738744259,Index(0-10)
UZB,WHR-LS,2012,6.019331932,Index(0-10)
UZB,WHR-LS,2013,5.939986229,Index(0-10)
UZB,WHR-LS,2014,6.049212456,Index(0-10)
UZB,WHR-LS,2015,5.972364426,Index(0-10)
UZB,WHR-LS,2016,5.892539024,Index(0-10)
UZB,WHR-LS,2017,6.421447754,Index(0-10)
UZB,WHR-LS,2018,6.205460072,Index(0-10)
UZB,WHR-LS,2019,6.154049397,Index(0-10)
UZB,WHR-LS,2020,5.841929913,Index(0-10)
UZB,WHR-LS,2021,6.18530798,Index(0-10)
UZB,WHR-LS,2022,6.016238689,Index(0-10)
UZB,WHR-LS,2023,6.385360718,Index(0-10)
VEN,WHR-LS,2005,7.169620991,Index(0-10)
VEN,WHR-LS,2006,6.525146008,Index(0-10)
VEN,WHR-LS,2008,6.257771492,Index(0-10)
VEN,WHR-LS,2009,7.188803196,Index(0-10)
VEN,WHR-LS,2010,7.47845459,Index(0-10)
VEN,WHR-LS,2011,6.579789162,Index(0-10)
VEN,WHR-LS,2012,7.066577435,Index(0-10)
VEN,WHR-LS,2013,6.552796364,Index(0-10)
VEN,WHR-LS,2014,6.136096478,Index(0-10)
VEN,WHR-LS,2015,5.568800449,Index(0-10)
VEN,WHR-LS,2016,4.041114807,Index(0-10)
VEN,WHR-LS,2017,5.070750713,Index(0-10)
VEN,WHR-LS,2018,5.005663395,Index(0-10)
VEN,WHR-LS,2019,5.080803394,Index(0-10)
VEN,WHR-LS,2020,4.573829651,Index(0-10)
VEN,WHR-LS,2021,5.107553005,Index(0-10)
VEN,WHR-LS,2022,5.948992252,Index(0-10)
VEN,WHR-LS,2023,5.765363216,Index(0-10)
VNM,WHR-LS,2006,5.293659687,Index(0-10)
VNM,WHR-LS,2007,5.421687603,Index(0-10)
VNM,WHR-LS,2008,5.480425358,Index(0-10)
VNM,WHR-LS,2009,5.304264545,Index(0-10)
VNM,WHR-LS,2010,5.295780659,Index(0-10)
VNM,WHR-LS,2011,5.767344475,Index(0-10)
VNM,WHR-LS,2012,5.53456974,Index(0-10)
VNM,WHR-LS,2013,5.022698879,Index(0-10)
VNM,WHR-LS,2014,5.084923267,Index(0-10)
VNM,WHR-LS,2015,5.076315403,Index(0-10)
VNM,WHR-LS,2016,5.062267303,Index(0-10)
VNM,WHR-LS,2017,5.175278664,Index(0-10)
VNM,WHR-LS,2018,5.295547009,Index(0-10)
VNM,WHR-LS,2019,5.467451096,Index(0-10)
VNM,WHR-LS,2020,5.462341785,Index(0-10)
VNM,WHR-LS,2021,5.540249825,Index(0-10)
VNM,WHR-LS,2022,6.266508579,Index(0-10)
VNM,WHR-LS,2023,6.325115204,Index(0-10)
YEM,WHR-LS,2007,4.477132797,Index(0-10)
YEM,WHR-LS,2009,4.809258938,Index(0-10)
YEM,WHR-LS,2010,4.35031271,Index(0-10)
YEM,WHR-LS,2011,3.746255636,Index(0-10)
YEM,WHR-LS,2012,4.060600758,Index(0-10)
YEM,WHR-LS,2013,4.217678547,Index(0-10)
YEM,WHR-LS,2014,3.967957973,Index(0-10)
YEM,WHR-LS,2015,2.982673883,Index(0-10)
YEM,WHR-LS,2016,3.825630903,Index(0-10)
YEM,WHR-LS,2017,3.253560066,Index(0-10)
YEM,WHR-LS,2018,3.057513952,Index(0-10)
YEM,WHR-LS,2019,4.196912766,Index(0-10)
YEM,WHR-LS,2022,3.590378523,Index(0-10)
YEM,WHR-LS,2023,3.531573534,Index(0-10)
ZMB,WHR-LS,2006,4.824454784,Index(0-10)
ZMB,WHR-LS,2007,3.998293161,Index(0-10)
ZMB,WHR-LS,2008,4.730263233,Index(0-10)
ZMB,WHR-LS,2009,5.260360718,Index(0-10)
ZMB,WHR-LS,2011,4.99911356,Index(0-10)
ZMB,WHR-LS,2012,5.013374805,Index(0-10)
ZMB,WHR-LS,2013,5.243995667,Index(0-10)
ZMB,WHR-LS,2014,4.345837116,Index(0-10)
ZMB,WHR-LS,2015,4.843164444,Index(0-10)
ZMB,WHR-LS,2016,4.347543716,Index(0-10)
ZMB,WHR-LS,2017,3.932777405,Index(0-10)
ZMB,WHR-LS,2018,4.041488171,Index(0-10)
ZMB,WHR-LS,2019,3.306796551,Index(0-10)
ZMB,WHR-LS,2020,4.837992191,Index(0-10)
ZMB,WHR-LS,2021,3.082154989,Index(0-10)
ZMB,WHR-LS,2022,3.728098392,Index(0-10)
ZMB,WHR-LS,2023,3.685568094,Index(0-10)
ZWE,WHR-LS,2006,3.826268435,Index(0-10)
ZWE,WHR-LS,2007,3.280246735,Index(0-10)
ZWE,WHR-LS,2008,3.174263716,Index(0-10)
ZWE,WHR-LS,2009,4.055914402,Index(0-10)
ZWE,WHR-LS,2010,4.681569576,Index(0-10)
ZWE,WHR-LS,2011,4.845641613,Index(0-10)
ZWE,WHR-LS,2012,4.955100536,Index(0-10)
ZWE,WHR-LS,2013,4.690187931,Index(0-10)
ZWE,WHR-LS,2014,4.184450626,Index(0-10)
ZWE,WHR-LS,2015,3.70319128,Index(0-10)
ZWE,WHR-LS,2016,3.7354002,Index(0-10)
ZWE,WHR-LS,2017,3.63830018,Index(0-10)
ZWE,WHR-LS,2018,3.616479874,Index(0-10)
ZWE,WHR-LS,2019,2.693523169,Index(0-10)
ZWE,WHR-LS,2020,3.159802198,Index(0-10)
ZWE,WHR-LS,2021,3.154578209,Index(0-10)
ZWE,WHR-LS,2022,3.296219587,Index(0-10)
ZWE,WHR-LS,2023,3.572386265,Index(0-10)